collection_date,sticker,companyName,date,revenue,cost_of_revenue,gross_profit,operating_expences_sales_general_administrative,other_operating_expenses,total_operating_expenses,operating_income,interest_expense,other_income_expense,income_before_income_taxes,provision_for_income_taxes,minority_interest,other_income,net_income_from_continuing_operations,net_income_from_discontinuing_operations,net_income_from_discontinuing_operations2,net_income_from_discontinuing_operations3,other,net_income,net_income_available_to_common_shareholders,earnings_per_share_basic,earnings_per_share_diluted,weighted_average_shares_outstanding_basic,weighted_average_shares_outstanding_diluted,ebitda,commision_and_fees,compensation_and_benefits,cummulative_effect_of_accounting_changes,depreciation_and_amortisation,extraordinary_items,income_from_cont_operations_before_taxes,income_tax_expense_benefit,interest_income,investment_income_net,merger_acquisition_and_restructuring,net_interest_income,nonrecurring_expense,operating_expenses,policyholder_benefits_and_claims_incurred,other_distributions,other_expense,other_expenses,other_special_charges,policyholder_benefits_and_claims_incurred,preferred_distributions,preferred_dividend,premiums,provision_benefit_for_taxes,realised_capital_gains_net,research_and_development,restructuring_merger_and_acquisition,securities_gains,tech_communication_and_equipment,total_benefits_claims_expenses,total_costs_and_expenses,total_expenses,total_interest_expense,total_interest_income,total_net_revenue,total_noninterest_expenses,total_noninterest_revenue,total_nonoperating_income_net,total_revenues
20180209,AAAK,TRIA ALFA SA (CR),2012-12-01 00:00:00,0.0,0.0,-0.0,0.0,0.0,0.0,-1.0,0.0,0.0,-0.0,,,,-0.0,,,,,-0.0,-0.0,-0.8,-0.8,1.0,1.0,-0.0,,,,,,,,,,,,,,,,,,,,,,,,,,,,,,,,,,,,,,
20180209,AAAK,TRIA ALFA SA (CR),2013-12-01 00:00:00,1.0,0.0,0.0,0.0,0.0,0.0,-0.0,0.0,0.0,-0.0,,,,-0.0,,,,,-0.0,-0.0,-0.32,-0.32,1.0,1.0,-0.0,,,,,,,,,,,,,,,,,,,,,,,,,,,,,,,,,,,,,,
20180209,AAAK,TRIA ALFA SA (CR),2014-12-01 00:00:00,0.0,0.0,0.0,0.0,0.0,0.0,-0.0,,0.0,-0.0,,,,-0.0,,,,,-0.0,-0.0,-0.32,-0.32,1.0,1.0,-0.0,,,,,,,,,,,,,,,,,,,,,,,,,,,,,,,,,,,,,,
20180209,AAAK,TRIA ALFA SA (CR),2015-12-01 00:00:00,0.0,0.0,0.0,0.0,0.0,0.0,-0.0,0.0,0.0,-0.0,,,,-0.0,,,,,-0.0,-0.0,-0.24,-0.24,1.0,1.0,-0.0,,,,,,,,,,,,,,,,,,,,,,,,,,,,,,,,,,,,,,
20180209,AAAK,TRIA ALFA SA (CR),2016-12-01 00:00:00,1.0,0.0,0.0,0.0,0.0,0.0,-0.0,0.0,0.0,-0.0,,,,-0.0,,,,,-0.0,-0.0,-0.13,-0.13,1.0,1.0,-0.0,,,,,,,,,,,,,,,,,,,,,,,,,,,,,,,,,,,,,,
20180209,AAAK,TRIA ALFA SA (CR),2017-12-01 00:00:00,1.0,0.0,0.0,0.0,-0.0,0.0,-0.0,0.0,0.0,-0.0,,,,-0.0,,,,,-0.0,-0.0,-0.08,-0.08,1.0,1.0,-0.0,,,,,,,,,,,,,,,,,,,,,,,,,,,,,,,,,,,,,,
20180209,AAAP,TRIA ALFA SA (PR),2012-12-01 00:00:00,0.0,0.0,-0.0,0.0,0.0,0.0,-1.0,0.0,0.0,-0.0,,,,-0.0,,,,,-0.0,-0.0,-2.26,-2.26,0.0,0.0,-0.0,,,,,,,,,,,,,,,,,,,,,,,,,,,,,,,,,,,,,,
20180209,AAAP,TRIA ALFA SA (PR),2013-12-01 00:00:00,1.0,0.0,0.0,0.0,0.0,0.0,-0.0,0.0,0.0,-0.0,,,,-0.0,,,,,-0.0,-0.0,-0.91,-0.91,0.0,0.0,-0.0,,,,,,,,,,,,,,,,,,,,,,,,,,,,,,,,,,,,,,
20180209,AAAP,TRIA ALFA SA (PR),2014-12-01 00:00:00,0.0,0.0,0.0,0.0,0.0,0.0,-0.0,,0.0,-0.0,,,,-0.0,,,,,-0.0,-0.0,-0.9,-0.9,0.0,0.0,-0.0,,,,,,,,,,,,,,,,,,,,,,,,,,,,,,,,,,,,,,
20180209,AAAP,TRIA ALFA SA (PR),2015-12-01 00:00:00,0.0,0.0,0.0,0.0,0.0,0.0,-0.0,0.0,0.0,-0.0,,,,-0.0,,,,,-0.0,-0.0,-0.68,-0.68,0.0,0.0,-0.0,,,,,,,,,,,,,,,,,,,,,,,,,,,,,,,,,,,,,,
20180209,AAAP,TRIA ALFA SA (PR),2016-12-01 00:00:00,1.0,0.0,0.0,0.0,0.0,0.0,-0.0,0.0,0.0,-0.0,,,,-0.0,,,,,-0.0,-0.0,-0.36,-0.36,0.0,0.0,-0.0,,,,,,,,,,,,,,,,,,,,,,,,,,,,,,,,,,,,,,
20180209,AAAP,TRIA ALFA SA (PR),2017-12-01 00:00:00,1.0,0.0,0.0,0.0,-0.0,0.0,-0.0,0.0,0.0,-0.0,,,,-0.0,,,,,-0.0,-0.0,-0.23,-0.23,0.0,1.0,-0.0,,,,,,,,,,,,,,,,,,,,,,,,,,,,,,,,,,,,,,
20180209,AEGEK,AEGEK (CR),2012-12-01 00:00:00,1.0,,,1.0,,,-7.0,,0.0,-7.0,0.0,,,-7.0,,,,,-7.0,-7.0,-0.21,-0.21,33.0,33.0,-7.0,,,,,,,,,,,,,7.0,,,,,,,,,,,,,,,,,,8.0,,,,,,,
20180209,AEGEK,AEGEK (CR),2013-12-01 00:00:00,44.0,,,3.0,,,-37.0,,1.0,-36.0,1.0,,,-37.0,,,,19.0,-17.0,-17.0,-0.52,-0.52,33.0,33.0,-36.0,,,,,,,,,,,,,78.0,,,,,,,,,,,,,,,,,,81.0,,,,,,,
20180209,AEGEK,AEGEK (CR),2014-12-01 00:00:00,83.0,,,4.0,,,-32.0,,3.0,-29.0,3.0,,-0.0,-32.0,,,,24.0,-8.0,-8.0,-0.24,-0.24,33.0,33.0,-29.0,,,,,,,,,,,,,111.0,,,,,,,,,,,,,,,,,,115.0,,,,,,,
20180209,AEGEK,AEGEK (CR),2015-12-01 00:00:00,13.0,,,3.0,,,-39.0,4.0,8.0,-35.0,-3.0,,0.0,-32.0,,,,24.0,-8.0,-8.0,-0.23,-0.23,33.0,33.0,-28.0,,,,,,,,1.0,,,,,49.0,,,,,,,,,,,,,,,,,,52.0,,,,,,,
20180209,AEGEK,AEGEK (CR),2016-12-01 00:00:00,30.0,,,2.0,,,-13.0,3.0,0.0,-16.0,5.0,,-0.0,-21.0,,,,16.0,-4.0,-4.0,-0.13,-0.13,33.0,33.0,-10.0,,,,,,,,1.0,,,,,41.0,,,,,,,,,,,,,,,,,,43.0,,,,,,,
20180209,AEGEK,AEGEK (CR),2017-12-01 00:00:00,38.0,,,1.0,,,-6.0,3.0,0.0,-9.0,5.0,,,-14.0,,,,11.0,-2.0,-2.0,-0.07,-0.07,33.0,33.0,-4.0,,,,,,,,,,,,,43.0,,,,,,,,,,,,,,,,,,44.0,,,,,,,
20180209,ALCO,ALCO HELLAS SA (CR),2008-12-01 00:00:00,320.0,267.0,53.0,39.0,-5.0,,,,,14.0,4.0,,-2.0,8.0,,,,,8.0,8.0,0.59,0.59,3.0,3.0,36.0,,,,,,,,,,,,,,,,,,,,,,,,,,,,,,39.0,,,,,,,,
20180209,ALCO,ALCO HELLAS SA (CR),2009-12-01 00:00:00,235.0,197.0,38.0,35.0,-1.0,,,,,1.0,1.0,,-4.0,-4.0,,,,4.0,-1.0,-4.0,-1.36,-1.36,3.0,3.0,21.0,,,,,,,,,,,,,,,,,,,,,4.0,,,,,,,,,37.0,,,,,,,,
20180209,ALCO,ALCO HELLAS SA (CR),2010-12-01 00:00:00,259.0,213.0,46.0,35.0,1.0,,,,,7.0,,,-8.0,-1.0,,,,4.0,3.0,-1.0,-0.28,-0.28,3.0,3.0,25.0,,,,,,,,,,,,,,,,,,,,,4.0,,,,,,,,,39.0,,,,,,,,
20180209,ALCO,ALCO HELLAS SA (CR),2011-12-01 00:00:00,268.0,228.0,41.0,38.0,4.0,,,,,-4.0,3.0,,-2.0,-10.0,,,,2.0,-7.0,-10.0,-2.9,-2.9,3.0,3.0,14.0,,,,,,,,,,,,,,,,,,,,,2.0,,,,,,,,,45.0,,,,,,,,
20180209,ALCO,ALCO HELLAS SA (CR),2012-12-01 00:00:00,257.0,220.0,37.0,36.0,3.0,,,,,-5.0,2.0,,,-6.0,,,,-2.0,-8.0,-8.0,-2.41,-2.41,3.0,3.0,14.0,,,,,,,,,,,,,,,,,,,,,,,,,,,,,,41.0,,,,,,,,
20180209,ALCO,ALCO HELLAS SA (CR),2017-12-01 00:00:00,257.0,220.0,37.0,36.0,3.0,,,,,-5.0,2.0,,,-6.0,,,,-2.0,-8.0,-8.0,-2.41,-2.41,3.0,3.0,14.0,,,,,,,,,,,,,,,,,,,,,,,,,,,,,,41.0,,,,,,,,
20180209,ALMY,ALUMIL (CR),2012-12-01 00:00:00,198.0,159.0,40.0,45.0,5.0,,,,,-12.0,0.0,,,-12.0,,,,0.0,-11.0,-11.0,-0.52,-0.52,22.0,22.0,10.0,,,,,,,,,,,,,,,,,,,,,,,,,1.0,,,,,51.0,,,,,,,,
20180209,ALMY,ALUMIL (CR),2013-12-01 00:00:00,176.0,145.0,32.0,39.0,7.0,,,,,-15.0,1.0,,,-16.0,,,,0.0,-16.0,-16.0,-0.73,-0.73,22.0,22.0,6.0,,,,,,,,,,,,,,,,,,,,,,,,,1.0,,,,,47.0,,,,,,,,
20180209,ALMY,ALUMIL (CR),2014-12-01 00:00:00,172.0,139.0,34.0,38.0,-2.0,,,,,-11.0,-1.0,,,-10.0,,,,-0.0,-11.0,-11.0,-0.48,-0.48,22.0,22.0,6.0,,,,,,,,,,,,,,,,,,,,,,,,,1.0,,,,,45.0,,,,,,,,
20180209,ALMY,ALUMIL (CR),2015-12-01 00:00:00,191.0,154.0,37.0,45.0,-9.0,,,,,-8.0,0.0,,,-8.0,,,,-2.0,-10.0,-10.0,-0.46,-0.46,22.0,22.0,7.0,,,,,,,,,,,,,,,,,,,,,,,,,1.0,,,,,45.0,,,,,,,,
20180209,ALMY,ALUMIL (CR),2016-12-01 00:00:00,202.0,155.0,47.0,43.0,-4.0,,,,,0.0,0.0,,,0.0,,,,-3.0,-3.0,-3.0,-0.14,-0.14,22.0,22.0,15.0,,,,,,,,,,,,,,,,,,,,,,,,,1.0,,,,,47.0,,,,,,,,
20180209,ALMY,ALUMIL (CR),2017-12-01 00:00:00,208.0,160.0,48.0,45.0,-4.0,,,,,-1.0,1.0,,,-2.0,,,,-3.0,-5.0,-5.0,-0.22,-0.22,22.0,22.0,14.0,,,,,,,,,,,,,,,,,,,,,,,,,2.0,,,,,49.0,,,,,,,,
20180209,ALPHA,ALPHA BANK (CR),2012-12-01 00:00:00,,,,,,,,,487.0,,,,-3270.0,,,,,,-1086.0,-1086.0,-56.16,-56.16,19.0,19.0,,273.0,,,,,-1833.0,,,,,1397.0,,,,,1928.0,-463.0,,,,,,-259.0,,,,-232.0,463.0,,,,1928.0,3325.0,-1833.0,,,,
20180209,ALPHA,ALPHA BANK (CR),2013-12-01 00:00:00,,,,,,,,,3765.0,,,,-3772.0,,-57.0,,,,2922.0,2922.0,22.0,22.0,133.0,133.0,,370.0,,,,,-1487.0,,,,,1658.0,,,,,1855.0,2698.0,-3283.0,,,,,-701.0,,,,257.0,585.0,,,,1855.0,3512.0,-1487.0,,,,
20180209,ALPHA,ALPHA BANK (CR),2014-12-01 00:00:00,,,,,,,,,240.0,,,,-3671.0,,,,,,-330.0,-330.0,-1.5,-1.5,247.0,247.0,,397.0,,,,,-1265.0,,,,13.0,1939.0,,,,,1344.0,-638.0,23.0,,,,,-696.0,,,,70.0,601.0,,,,1344.0,3282.0,-1265.0,,,,
20180209,ALPHA,ALPHA BANK (CR),2015-12-01 00:00:00,,,,,,,,,1708.0,,,,-5976.0,,-112.0,,,,-1372.0,-1372.0,-3.56,-3.56,385.0,385.0,,315.0,,,,,-3775.0,,,,,1932.0,,,,,1083.0,-560.0,,,,,,-807.0,,,,-45.0,560.0,,,,1083.0,3014.0,-3775.0,,,,
20180209,ALPHA,ALPHA BANK (CR),2016-12-01 00:00:00,,,,,,,,,-56.0,,,,-2309.0,,23.0,,,,42.0,42.0,0.03,0.03,1537.0,1537.0,,318.0,,,,,46.0,,,,,1924.0,,,,,745.0,-565.0,54.0,,,,,-29.0,,,,113.0,511.0,,,,745.0,2669.0,46.0,,,,
20180209,ALPHA,ALPHA BANK (CR),2017-12-01 00:00:00,,,,,,,,,-170.0,,,,-2030.0,,-52.0,,,,111.0,111.0,0.07,0.07,1539.0,1539.0,,324.0,,,,,335.0,,,,,1947.0,,,,,626.0,-532.0,,,,,,3.0,,,,94.0,532.0,,,,626.0,2574.0,335.0,,,,
20180209,ALTEC,ALTEC SA (CR),2012-12-01 00:00:00,25.0,13.0,12.0,10.0,23.0,36.0,-24.0,,-2.0,-26.0,5.0,,,-30.0,1.0,,,2.0,-28.0,-28.0,-0.13,-0.13,215.0,215.0,-19.0,,,,,,,,,,,,,,,,,,,,,,,,,3.0,,,,,,,,,,,,,
20180209,ALTEC,ALTEC SA (CR),2013-12-01 00:00:00,22.0,11.0,11.0,9.0,-1.0,11.0,0.0,,-6.0,-6.0,-0.0,,,-6.0,,,,0.0,-6.0,-6.0,-0.03,-0.03,215.0,215.0,2.0,,,,,,,,,,,,,,,,,,,,,,,,,2.0,,,,,,,,,,,,,
20180209,ALTEC,ALTEC SA (CR),2014-12-01 00:00:00,21.0,9.0,12.0,9.0,0.0,12.0,0.0,,-6.0,-6.0,0.0,,-0.0,-6.0,2.0,,,0.0,-3.0,-3.0,-0.02,-0.02,215.0,215.0,1.0,,,,,,,,,,,,,,,,,,,,,,,,,2.0,,,,,,,,,,,,,
20180209,ALTEC,ALTEC SA (CR),2015-12-01 00:00:00,27.0,14.0,12.0,9.0,6.0,18.0,-5.0,6.0,-0.0,-12.0,1.0,,,-12.0,,,,-0.0,-12.0,-12.0,-0.06,-0.06,215.0,215.0,-4.0,,,,,,,,,,,,,,,,,,,,,,,,,2.0,,,,,,,,,,,,,
20180209,ALTEC,ALTEC SA (CR),2016-12-01 00:00:00,18.0,8.0,11.0,8.0,4.0,13.0,-3.0,7.0,1.0,-9.0,-0.0,,,-9.0,,,,-0.0,-9.0,-9.0,-0.04,-0.04,215.0,215.0,-1.0,,,,,,,,,,,,,,,,,,,,,,,,,2.0,,,,,,,,,,,,,
20180209,ALTEC,ALTEC SA (CR),2017-12-01 00:00:00,18.0,8.0,11.0,8.0,4.0,13.0,-3.0,7.0,1.0,-9.0,-0.0,,,-9.0,,,,-0.0,-9.0,-9.0,-0.04,-0.04,215.0,215.0,-1.0,,,,,,,,,,,,,,,,,,,,,,,,,2.0,,,,,,,,,,,,,
20180209,ANDRO,ANDROMEDA SA (CR),2012-12-01 00:00:00,4.0,,,,,0.0,4.0,,-1.0,4.0,0.0,,,,,,,,3.0,3.0,10.75,10.75,0.0,0.0,3.0,,,,,,,,,,,,,,,,,0.0,,,,,,,,,,,,,,,,,,,,,
20180209,ANDRO,ANDROMEDA SA (CR),2013-12-01 00:00:00,2.0,,,,,0.0,2.0,,-1.0,2.0,0.0,,,,,,,,1.0,1.0,3.32,3.32,0.0,0.0,1.0,,,,,,,,,,,,,,,,,0.0,,,,,,,,,,,,,,,,,,,,,
20180209,ANDRO,ANDROMEDA SA (CR),2014-12-01 00:00:00,-1.0,,,,,0.0,-1.0,,-0.0,-1.0,0.0,,,,,,,,-2.0,-2.0,-3.75,-3.75,0.0,0.0,-2.0,,,,,,,,,,,,,,,,,0.0,,,,,,,,,,,,,,,,,,,,,
20180209,ANDRO,ANDROMEDA SA (CR),2015-12-01 00:00:00,-1.0,,,,,0.0,-1.0,,-0.0,-1.0,0.0,,,,,,,,-1.0,-1.0,-2.52,-2.52,0.0,0.0,-1.0,,,,,,,,,,,,,,,,,0.0,,,,,,,,,,,,,,,,,,,,,
20180209,ANDRO,ANDROMEDA SA (CR),2016-12-01 00:00:00,1.0,,,,,0.0,1.0,,-0.0,1.0,0.0,,,,,,,,1.0,1.0,1.69,1.69,0.0,0.0,1.0,,,,,,,,,,,,,,,,,0.0,,,,,,,,,,,,,,,,,,,,,
20180209,ANDRO,ANDROMEDA SA (CR),2017-12-01 00:00:00,4.0,,,,,0.0,4.0,,-0.0,4.0,0.0,,,,,,,,3.0,3.0,8.33,8.33,0.0,0.0,3.0,,,,,,,,,,,,,,,,,0.0,,,,,,,,,,,,,,,,,,,,,
20180209,ANEK,ANEK LINES SA (CR),2012-12-01 00:00:00,200.0,177.0,22.0,28.0,4.0,32.0,-10.0,,-50.0,-60.0,0.0,,,-61.0,,,,-0.0,-61.0,-61.0,-0.32,-0.32,189.0,189.0,4.0,,,,,,,,,,,,,,,,,,,,,,,,,,,,,,,,,,,,,,
20180209,ANEK,ANEK LINES SA (CR),2013-12-01 00:00:00,178.0,155.0,23.0,27.0,36.0,63.0,-39.0,,3.0,-36.0,0.0,,,-37.0,,,,1.0,-36.0,-36.0,-0.19,-0.19,189.0,189.0,-25.0,,,,,,,,,,,,,,,,,,,,,,,,,,,,,,,,,,,,,,
20180209,ANEK,ANEK LINES SA (CR),2014-12-01 00:00:00,169.0,144.0,26.0,25.0,24.0,49.0,-23.0,,4.0,-19.0,0.0,,,-19.0,,,,1.0,-18.0,-18.0,-0.09,-0.09,189.0,189.0,-8.0,,,,,,,,,,,,,,,,,,,,,,,,,,,,,,,,,,,,,,
20180209,ANEK,ANEK LINES SA (CR),2015-12-01 00:00:00,160.0,117.0,43.0,23.0,19.0,42.0,0.0,15.0,15.0,1.0,1.0,,,0.0,,,,0.0,1.0,1.0,0.0,0.0,189.0,189.0,27.0,,,,,,,,,,,,,,,,,,,,,,,,,,,,,,,,,,,,,,
20180209,ANEK,ANEK LINES SA (CR),2016-12-01 00:00:00,158.0,117.0,41.0,23.0,4.0,27.0,14.0,12.0,0.0,2.0,1.0,,,1.0,,,,-1.0,1.0,1.0,0.0,0.0,189.0,189.0,24.0,,,,,,,,,,,,,,,,,,,,,,,,,,,,,,,,,,,,,,
20180209,ANEK,ANEK LINES SA (CR),2017-12-01 00:00:00,158.0,128.0,30.0,23.0,4.0,28.0,2.0,8.0,19.0,13.0,1.0,,,12.0,,,,-1.0,12.0,12.0,0.06,0.06,189.0,189.0,21.0,,,,,,,,,,,,,,,,,,,,,,,,,,,,,,,,,,,,,,
20180209,ANEMOS,ELTECH ANEMOS S.A. (CR),2012-12-01 00:00:00,,,,,,,,,,,,,,,,,,,,,,,,,,,,,,,,,,,,,,,,,,,,,,,,,,,,,,,,,,,,,,,
20180209,ANEMOS,ELTECH ANEMOS S.A. (CR),2013-12-01 00:00:00,37.0,19.0,18.0,,8.0,8.0,10.0,8.0,2.0,4.0,1.0,,,3.0,,,,-0.0,2.0,2.0,0.03,0.03,62.0,62.0,21.0,,,,,,,,,,,,,,,,,,,,,,,,,,,,,,,,,,,,,,
20180209,ANEMOS,ELTECH ANEMOS S.A. (CR),2014-12-01 00:00:00,32.0,17.0,14.0,,3.0,3.0,11.0,8.0,3.0,7.0,2.0,,,5.0,,,,-0.0,4.0,4.0,0.06,0.06,72.0,72.0,22.0,,,,,,,,,,,,,,,,,,,,,,,,,,,,,,,,,,,,,,
20180209,ANEMOS,ELTECH ANEMOS S.A. (CR),2015-12-01 00:00:00,40.0,19.0,22.0,,4.0,4.0,18.0,7.0,2.0,12.0,5.0,,,7.0,,,,-0.0,7.0,7.0,0.08,0.08,83.0,83.0,28.0,,,,,,,,,,,,,,,,,,,,,,,,,,,,,,,,,,,,,,
20180209,ANEMOS,ELTECH ANEMOS S.A. (CR),2016-12-01 00:00:00,45.0,22.0,23.0,,4.0,4.0,19.0,7.0,3.0,15.0,5.0,,,10.0,,,,-0.0,10.0,10.0,0.12,0.12,83.0,83.0,32.0,,,,,,,,,,,,,,,,,,,,,,,,,,,,,,,,,,,,,,
20180209,ANEMOS,ELTECH ANEMOS S.A. (CR),2017-12-01 00:00:00,48.0,24.0,23.0,,4.0,4.0,20.0,9.0,3.0,14.0,4.0,,,9.0,,,,-0.0,9.0,9.0,0.11,0.11,83.0,83.0,34.0,,,,,,,,,,,,,,,,,,,,,,,,,,,,,,,,,,,,,,
20180209,ANEP,"ANEK LINES SA (PR, issue '90)",2012-12-01 00:00:00,200.0,177.0,22.0,28.0,4.0,32.0,-10.0,,-50.0,-60.0,0.0,,,-61.0,,,,-0.0,-61.0,-61.0,-0.32,-0.32,189.0,189.0,4.0,,,,,,,,,,,,,,,,,,,,,,,,,,,,,,,,,,,,,,
20180209,ANEP,"ANEK LINES SA (PR, issue '90)",2013-12-01 00:00:00,178.0,155.0,23.0,27.0,36.0,63.0,-39.0,,3.0,-36.0,0.0,,,-37.0,,,,1.0,-36.0,-36.0,-0.19,-0.19,189.0,189.0,-25.0,,,,,,,,,,,,,,,,,,,,,,,,,,,,,,,,,,,,,,
20180209,ANEP,"ANEK LINES SA (PR, issue '90)",2014-12-01 00:00:00,169.0,144.0,26.0,25.0,24.0,49.0,-23.0,,4.0,-19.0,0.0,,,-19.0,,,,1.0,-18.0,-18.0,-0.09,-0.09,189.0,189.0,-8.0,,,,,,,,,,,,,,,,,,,,,,,,,,,,,,,,,,,,,,
20180209,ANEP,"ANEK LINES SA (PR, issue '90)",2015-12-01 00:00:00,160.0,117.0,43.0,23.0,19.0,42.0,0.0,15.0,15.0,1.0,1.0,,,0.0,,,,0.0,1.0,1.0,0.0,0.0,189.0,189.0,27.0,,,,,,,,,,,,,,,,,,,,,,,,,,,,,,,,,,,,,,
20180209,ANEP,"ANEK LINES SA (PR, issue '90)",2016-12-01 00:00:00,158.0,117.0,41.0,23.0,4.0,27.0,14.0,12.0,0.0,2.0,1.0,,,1.0,,,,-1.0,1.0,1.0,0.0,0.0,189.0,189.0,24.0,,,,,,,,,,,,,,,,,,,,,,,,,,,,,,,,,,,,,,
20180209,ANEP,"ANEK LINES SA (PR, issue '90)",2017-12-01 00:00:00,158.0,128.0,30.0,23.0,4.0,28.0,2.0,8.0,19.0,13.0,1.0,,,12.0,,,,-1.0,12.0,12.0,0.06,0.06,189.0,189.0,21.0,,,,,,,,,,,,,,,,,,,,,,,,,,,,,,,,,,,,,,
20180209,ANEPO,"ANEK LINES SA (PR, issue '96)",2012-12-01 00:00:00,200.0,177.0,22.0,28.0,4.0,32.0,-10.0,,-50.0,-60.0,0.0,,,-61.0,,,,-0.0,-61.0,-61.0,-0.32,-0.32,189.0,189.0,4.0,,,,,,,,,,,,,,,,,,,,,,,,,,,,,,,,,,,,,,
20180209,ANEPO,"ANEK LINES SA (PR, issue '96)",2013-12-01 00:00:00,178.0,155.0,23.0,27.0,36.0,63.0,-39.0,,3.0,-36.0,0.0,,,-37.0,,,,1.0,-36.0,-36.0,-0.19,-0.19,189.0,189.0,-25.0,,,,,,,,,,,,,,,,,,,,,,,,,,,,,,,,,,,,,,
20180209,ANEPO,"ANEK LINES SA (PR, issue '96)",2014-12-01 00:00:00,169.0,144.0,26.0,25.0,24.0,49.0,-23.0,,4.0,-19.0,0.0,,,-19.0,,,,1.0,-18.0,-18.0,-0.09,-0.09,189.0,189.0,-8.0,,,,,,,,,,,,,,,,,,,,,,,,,,,,,,,,,,,,,,
20180209,ANEPO,"ANEK LINES SA (PR, issue '96)",2015-12-01 00:00:00,160.0,117.0,43.0,23.0,19.0,42.0,0.0,15.0,15.0,1.0,1.0,,,0.0,,,,0.0,1.0,1.0,0.0,0.0,189.0,189.0,27.0,,,,,,,,,,,,,,,,,,,,,,,,,,,,,,,,,,,,,,
20180209,ANEPO,"ANEK LINES SA (PR, issue '96)",2016-12-01 00:00:00,158.0,117.0,41.0,23.0,4.0,27.0,14.0,12.0,0.0,2.0,1.0,,,1.0,,,,-1.0,1.0,1.0,0.0,0.0,189.0,189.0,24.0,,,,,,,,,,,,,,,,,,,,,,,,,,,,,,,,,,,,,,
20180209,ANEPO,"ANEK LINES SA (PR, issue '96)",2017-12-01 00:00:00,158.0,128.0,30.0,23.0,4.0,28.0,2.0,8.0,19.0,13.0,1.0,,,12.0,,,,-1.0,12.0,12.0,0.06,0.06,189.0,189.0,21.0,,,,,,,,,,,,,,,,,,,,,,,,,,,,,,,,,,,,,,
20180209,ASTAK,ALPHA REAL ESTATE SA(CR),2012-12-01 00:00:00,10.0,,,2.0,,,9.0,,,9.0,2.0,,,7.0,,,,,7.0,7.0,0.52,0.52,14.0,14.0,10.0,,,,,,,,,,,,,-1.0,,,,,,,,,,,,,,,,,,1.0,,,,,,,
20180209,ASTAK,ALPHA REAL ESTATE SA(CR),2013-12-01 00:00:00,14.0,,,2.0,,,8.0,,-2.0,8.0,4.0,,,5.0,,,,,5.0,5.0,0.33,0.33,14.0,14.0,10.0,,,,,,,,2.0,,,,,4.0,,,,,,,,,,,,,,,,,,6.0,,,,,,,
20180209,ASTAK,ALPHA REAL ESTATE SA(CR),2014-12-01 00:00:00,13.0,,,2.0,,,5.0,,-2.0,5.0,1.0,,,4.0,,,,,4.0,4.0,0.28,0.28,14.0,14.0,7.0,,,,,,,,2.0,,,,,6.0,,,,,,,,,,,,,,,,,,8.0,,,,,,,
20180209,ASTAK,ALPHA REAL ESTATE SA(CR),2015-12-01 00:00:00,14.0,,,2.0,,,6.0,,-1.0,6.0,2.0,,,4.0,,,,,4.0,4.0,0.29,0.29,14.0,14.0,7.0,,,,,,,,1.0,,,,,6.0,,,,,,,,,,,,,,,,,,8.0,,,,,,,
20180209,ASTAK,ALPHA REAL ESTATE SA(CR),2016-12-01 00:00:00,13.0,,,10.0,,,-4.0,,-1.0,-4.0,1.0,,,-5.0,,,,,-5.0,-5.0,-0.38,-0.38,14.0,14.0,-2.0,,,,,,,,1.0,,,,,7.0,,,,,,,,,,,,,,,,,,17.0,,,,,,,
20180209,ASTAK,ALPHA REAL ESTATE SA(CR),2017-12-01 00:00:00,12.0,,,2.0,,,2.0,,-1.0,2.0,1.0,,,1.0,,,,,1.0,1.0,0.11,0.11,14.0,14.0,4.0,,,,,,,,1.0,,,,,8.0,,,,,,,,,,,,,,,,,,10.0,,,,,,,
20180209,AXON,AXON HOLDING SA (CR),2011-12-01 00:00:00,197.0,169.0,28.0,53.0,15.0,68.0,-39.0,,-129.0,-168.0,6.0,,,-174.0,,,,49.0,-125.0,-125.0,-6.2,-6.2,20.0,20.0,-15.0,,,,,,,,,,,,,,,,,,,,,,,,,0.0,,,,,,,,,,,,,
20180209,AXON,AXON HOLDING SA (CR),2012-12-01 00:00:00,219.0,158.0,60.0,39.0,27.0,66.0,-6.0,,-44.0,-50.0,4.0,,,-54.0,,,,10.0,-44.0,-44.0,-2.19,-2.19,20.0,20.0,21.0,,,,,,,,,,,,,,,,,,,,,,,,,0.0,,,,,,,,,,,,,
20180209,AXON,AXON HOLDING SA (CR),2013-12-01 00:00:00,154.0,146.0,9.0,32.0,13.0,44.0,-36.0,,-24.0,-60.0,-3.0,,,-57.0,,,,26.0,-30.0,-30.0,-1.51,-1.51,20.0,20.0,-10.0,,,,,,,,,,,,,,,,,,,,,,,,,0.0,,,,,,,,,,,,,
20180209,AXON,AXON HOLDING SA (CR),2014-12-01 00:00:00,146.0,134.0,11.0,31.0,13.0,44.0,-33.0,,-27.0,-60.0,15.0,,,-75.0,,,,33.0,-42.0,-42.0,-2.07,-2.07,20.0,20.0,-7.0,,,,,,,,,,,,,,,,,,,,,,,,,0.0,,,,,,,,,,,,,
20180209,AXON,AXON HOLDING SA (CR),2015-12-01 00:00:00,128.0,120.0,8.0,33.0,10.0,43.0,-36.0,27.0,-2.0,-64.0,1.0,,,-66.0,,,,27.0,-38.0,-38.0,-1.9,-1.9,20.0,20.0,-20.0,,,,,,,,,,,,,,,,,,,,,,,,,0.0,,,,,,,,,,,,,
20180209,AXON,AXON HOLDING SA (CR),2017-12-01 00:00:00,124.0,115.0,9.0,30.0,6.0,36.0,-27.0,27.0,3.0,-51.0,5.0,,,-56.0,,,,23.0,-33.0,-33.0,-1.63,-1.63,20.0,,-6.0,,,,,,,,,,,,,,,,,,,,,,,,,,,,,,,,,,,,,,
20180209,BIOSK,UNIBIOS (CR),2012-12-01 00:00:00,7.0,4.0,3.0,4.0,0.0,4.0,-1.0,0.0,0.0,-2.0,0.0,,-0.0,-2.0,-0.0,,,0.0,-2.0,-2.0,-1.35,-1.35,2.0,2.0,-1.0,,,,,,,,,,,,,,,,,,,,,,,,,,,,,,,,,,,,,,
20180209,BIOSK,UNIBIOS (CR),2013-12-01 00:00:00,9.0,5.0,4.0,3.0,0.0,4.0,1.0,,-0.0,0.0,1.0,,,-0.0,,,,0.0,-0.0,-0.0,-0.06,-0.06,3.0,3.0,1.0,,,,,,,,,,,,,,,,,,,,,,,,,,,,,,,,,,,,,,
20180209,BIOSK,UNIBIOS (CR),2014-12-01 00:00:00,8.0,4.0,4.0,3.0,0.0,3.0,1.0,,-0.0,0.0,0.0,,,-0.0,,,,0.0,-0.0,-0.0,-0.05,-0.05,3.0,3.0,1.0,,,,,,,,,,,,,,,,,,,,,,,,,,,,,,,,,,,,,,
20180209,BIOSK,UNIBIOS (CR),2015-12-01 00:00:00,7.0,4.0,3.0,3.0,0.0,3.0,-0.0,0.0,0.0,-0.0,0.0,,,-1.0,,,,-0.0,-1.0,-1.0,-0.17,-0.17,3.0,3.0,1.0,,,,,,,,,,,,,,,,,,,,,,,,,,,,,,,,,,,,,,
20180209,BIOSK,UNIBIOS (CR),2016-12-01 00:00:00,5.0,3.0,2.0,3.0,0.0,3.0,-1.0,0.0,-0.0,-2.0,0.0,,,-2.0,,,,0.0,-2.0,-2.0,-3.16,-3.16,1.0,3.0,-1.0,,,,,,,,,,,,,,,,,,,,,,,,,,,,,,,,,,,,,,
20180209,BIOSK,UNIBIOS (CR),2017-12-01 00:00:00,5.0,3.0,2.0,3.0,0.0,3.0,-1.0,,-1.0,-2.0,0.0,,,-2.0,,,,0.0,-2.0,-2.0,-3.25,-3.25,3.0,3.0,-1.0,,,,,,,,,,,,,,,,,,,,,,,,,,,,,,,,,,,,,,
20180209,CENER,CENERGY HOLDINGS (CB),2012-12-01 00:00:00,,,,,,,,,,,,,,,,,,,,,,,,,,,,,,,,,,,,,,,,,,,,,,,,,,,,,,,,,,,,,,,
20180209,CENER,CENERGY HOLDINGS (CB),2013-12-01 00:00:00,,,,,,,,,,,,,,,,,,,,,,,,,,,,,,,,,,,,,,,,,,,,,,,,,,,,,,,,,,,,,,,
20180209,CENER,CENERGY HOLDINGS (CB),2014-12-01 00:00:00,,,,,,,,,,,,,,,,,,,,,,,,,,,,,,,,,,,,,,,,,,,,,,,,,,,,,,,,,,,,,,,
20180209,CENER,CENERGY HOLDINGS (CB),2015-12-01 00:00:00,775.0,663.0,112.0,55.0,4.0,59.0,53.0,,-38.0,15.0,8.0,,0.0,7.0,,,,,7.0,7.0,0.04,0.04,190.0,190.0,77.0,,,,,,,,,,,,,,,,,,,,,,,,,,,,,,,,,,,,,,
20180209,CENER,CENERGY HOLDINGS (CB),2016-12-01 00:00:00,692.0,629.0,63.0,31.0,-0.0,33.0,30.0,31.0,4.0,3.0,7.0,,,-4.0,,,,0.0,-4.0,-4.0,-0.02,-0.02,190.0,190.0,54.0,,,,,,,,,,,,,,,,,,,,,,,,,,2.0,,,,,,,,,,,,
20180209,CENER,CENERGY HOLDINGS (CB),2017-12-01 00:00:00,669.0,616.0,53.0,31.0,3.0,33.0,19.0,32.0,4.0,-9.0,2.0,,,-11.0,,,,0.0,-11.0,-11.0,-0.06,-0.06,190.0,190.0,44.0,,,,,,,,,,,,,,,,,,,,,,,,,,,,,,,,,,,,,,
20180209,CRETA,KRETA FARM SA (CR),2012-12-01 00:00:00,95.0,57.0,38.0,36.0,12.0,48.0,-10.0,,-0.0,-10.0,0.0,,0.0,-10.0,,,,1.0,-9.0,-9.0,-0.32,-0.32,29.0,29.0,-5.0,,,,,,,,,,,,,,,,,,,,,,,,,,,,,,,,,,,,,,
20180209,CRETA,KRETA FARM SA (CR),2013-12-01 00:00:00,97.0,58.0,38.0,36.0,26.0,62.0,-23.0,,0.0,-23.0,-2.0,,,-22.0,,,,0.0,-21.0,-21.0,-0.73,-0.73,29.0,29.0,-18.0,,,,,,,,,,,,,,,,,,,,,,,,,,,,,,,,,,,,,,
20180209,CRETA,KRETA FARM SA (CR),2014-12-01 00:00:00,105.0,59.0,46.0,41.0,8.0,49.0,-3.0,,1.0,-2.0,-1.0,,,-1.0,,,,0.0,-1.0,-1.0,-0.04,-0.04,29.0,29.0,2.0,,,,,,,,,,,,,,,,,,,,,,,,,,,,,,,,,,,,,,
20180209,CRETA,KRETA FARM SA (CR),2015-12-01 00:00:00,105.0,61.0,44.0,41.0,8.0,49.0,-5.0,6.0,8.0,-3.0,0.0,,,-3.0,,,,0.0,-3.0,-3.0,-0.1,-0.1,29.0,29.0,8.0,,,,,,,,,,,,,,,,,,,,,,,,,,,,,,,,,,,,,,
20180209,CRETA,KRETA FARM SA (CR),2016-12-01 00:00:00,98.0,55.0,43.0,39.0,12.0,51.0,-7.0,6.0,7.0,-6.0,-1.0,,,-5.0,,,,0.0,-5.0,-5.0,-0.16,-0.16,29.0,29.0,8.0,,,,,,,,,,,,,,,,,,,,,,,,,,,,,,,,,,,,,,
20180209,CRETA,KRETA FARM SA (CR),2017-12-01 00:00:00,102.0,58.0,44.0,40.0,8.0,47.0,-3.0,6.0,7.0,-2.0,0.0,,,-3.0,,,,0.0,-2.0,-2.0,-0.08,-0.08,29.0,29.0,13.0,,,,,,,,,,,,,,,,,,,,,,,,,,,,,,,,,,,,,,
20180209,DAIOS,DAIOS PLASTICS SA (CR),2012-12-01 00:00:00,31.0,25.0,6.0,2.0,2.0,4.0,2.0,,-6.0,-4.0,0.0,,,-4.0,,,,,-4.0,-4.0,-0.27,-0.27,15.0,15.0,6.0,,,,,,,,,,,,,,,,,,,,,,,,,,,,,,,,,,,,,,
20180209,DAIOS,DAIOS PLASTICS SA (CR),2013-12-01 00:00:00,36.0,27.0,9.0,2.0,10.0,11.0,-2.0,,1.0,-1.0,2.0,,-0.0,-4.0,,,,,-4.0,-4.0,-0.24,-0.24,15.0,15.0,2.0,,,,,,,,,,,,,,,,,,,,,,,,,,,,,,,,,,,,,,
20180209,DAIOS,DAIOS PLASTICS SA (CR),2014-12-01 00:00:00,41.0,29.0,11.0,4.0,6.0,10.0,1.0,,1.0,2.0,2.0,,-0.0,0.0,,,,,0.0,0.0,0.01,0.01,15.0,15.0,5.0,,,,,,,,,,,,,,,,,,,,,,,,,,,,,,,,,,,,,,
20180209,DAIOS,DAIOS PLASTICS SA (CR),2015-12-01 00:00:00,42.0,30.0,11.0,5.0,5.0,10.0,1.0,5.0,6.0,2.0,5.0,,0.0,-3.0,,,,,-3.0,-3.0,-0.17,-0.17,15.0,15.0,11.0,,,,,,,,,,,,,,,,,,,,,,,,,,,,,,,,,,,,,,
20180209,DAIOS,DAIOS PLASTICS SA (CR),2016-12-01 00:00:00,42.0,30.0,12.0,5.0,0.0,6.0,6.0,5.0,1.0,2.0,1.0,,-0.0,1.0,,,,,1.0,1.0,0.07,0.07,15.0,15.0,11.0,,,,,,,,,,,,,,,,,,,,,,,,,,,,,,,,,,,,,,
20180209,DAIOS,DAIOS PLASTICS SA (CR),2017-12-01 00:00:00,44.0,31.0,13.0,5.0,0.0,6.0,7.0,6.0,1.0,2.0,1.0,,,2.0,,,,,2.0,2.0,0.11,0.11,15.0,15.0,12.0,,,,,,,,,,,,,,,,,,,,,,,,,,,,,,,,,,,,,,
20180209,EEE,CC HBC AG (CR),2012-12-01 00:00:00,7045.0,4522.0,2522.0,2069.0,9.0,2185.0,338.0,96.0,17.0,259.0,65.0,,,193.0,,,,-3.0,190.0,190.0,0.52,0.52,368.0,368.0,733.0,,,,,,,,,,,,,,,,,,,,,,,,,,107.0,,,,,,,,,,,,
20180209,EEE,CC HBC AG (CR),2013-12-01 00:00:00,6874.0,4438.0,2436.0,1999.0,7.0,2062.0,374.0,96.0,16.0,294.0,73.0,,,221.0,,,,,221.0,221.0,0.61,0.61,364.0,365.0,747.0,,,,,,,,,,,,,,,,,,,,,,,,,,56.0,,,,,,,,,,,,
20180209,EEE,CC HBC AG (CR),2014-12-01 00:00:00,6510.0,4192.0,2318.0,1889.0,12.0,1957.0,361.0,68.0,59.0,352.0,58.0,,,294.0,,,,1.0,295.0,295.0,0.81,0.81,364.0,366.0,756.0,,,,,,,,,,,,,,,,,,,,,,,,,,55.0,,,,,,,,,,,,
20180209,EEE,CC HBC AG (CR),2015-12-01 00:00:00,6346.0,4019.0,2327.0,1846.0,9.0,1909.0,418.0,68.0,7.0,357.0,76.0,,,281.0,,,,-0.0,280.0,280.0,0.77,0.77,364.0,365.0,734.0,,,,,,,,,,,,,,,,,,,,,,,,,,54.0,,,,,,,,,,,,
20180209,EEE,CC HBC AG (CR),2016-12-01 00:00:00,6219.0,3920.0,2299.0,1755.0,,1792.0,506.0,68.0,20.0,458.0,114.0,,,344.0,,,,-0.0,344.0,344.0,0.95,0.95,362.0,364.0,832.0,,,,,,,,,,,,,,,,,,,,,,,,,,38.0,,,,,,,,,,,,
20180209,EEE,CC HBC AG (CR),2017-12-01 00:00:00,6388.0,4028.0,2360.0,,1808.0,1808.0,552.0,53.0,22.0,521.0,126.0,,,396.0,,,,-0.0,395.0,395.0,1.09,1.08,363.0,367.0,862.0,,,,,,,,,,,,,,,,,,,,,,,,,,,,,,,,,,,,,,
20180209,ELFIS,HELLENIC FISHFARMING SA (CR),2010-12-01 00:00:00,43.0,36.0,7.0,1.0,2.0,3.0,3.0,,-0.0,3.0,1.0,,,2.0,,,,-0.0,2.0,2.0,0.06,0.06,30.0,30.0,5.0,,,,,,,,,,,,,,,,,,,,,,,,,,,,,,,,,,,,,,
20180209,ELFIS,HELLENIC FISHFARMING SA (CR),2011-12-01 00:00:00,49.0,37.0,12.0,2.0,7.0,9.0,4.0,,-3.0,0.0,0.0,,-0.0,0.0,,,,-0.0,0.0,0.0,0.01,0.01,30.0,30.0,5.0,,,,,,,,,,,,,,,,,,,,,,,,,,,,,,,,,,,,,,
20180209,ELFIS,HELLENIC FISHFARMING SA (CR),2012-12-01 00:00:00,53.0,40.0,12.0,2.0,6.0,8.0,4.0,1.0,-3.0,0.0,-0.0,,0.0,1.0,,,,-0.0,0.0,0.0,0.01,0.01,30.0,30.0,3.0,,,,,,,,,,,,,,,,,,,,,,,,,,,,,,,,,,,,,,
20180209,ELFIS,HELLENIC FISHFARMING SA (CR),2013-12-01 00:00:00,43.0,35.0,8.0,2.0,14.0,16.0,-8.0,0.0,0.0,-8.0,1.0,,-0.0,-9.0,,,,0.0,-9.0,-9.0,-0.29,-0.29,30.0,30.0,-6.0,,,,,,,,,,,,,,,,,,,,,,,,,,,,,,,,,,,,,,
20180209,ELFIS,HELLENIC FISHFARMING SA (CR),2014-12-01 00:00:00,35.0,46.0,-11.0,4.0,4.0,8.0,-20.0,1.0,1.0,-20.0,-2.0,,,-17.0,,,,0.0,-17.0,-17.0,-0.57,-0.57,30.0,30.0,-18.0,,,,,,,,,,,,,,,,,,,,,,,,,,,,,,,,,,,,,,
20180209,ELFIS,HELLENIC FISHFARMING SA (CR),2017-12-01 00:00:00,35.0,46.0,-11.0,4.0,4.0,8.0,-20.0,1.0,1.0,-20.0,-2.0,,,-17.0,,,,0.0,-17.0,-17.0,-0.57,-0.57,30.0,30.0,-18.0,,,,,,,,,,,,,,,,,,,,,,,,,,,,,,,,,,,,,,
20180209,ELPE,HELLENIC PETROLEUM (CR),2012-12-01 00:00:00,10469.0,9934.0,535.0,408.0,13.0,,,,,114.0,33.0,,,81.0,,,,3.0,84.0,84.0,0.28,0.28,306.0,306.0,295.0,,,,,,,,,,,,,,,,,,,,,,,,,,,,,,421.0,,,,,,,,
20180209,ELPE,HELLENIC PETROLEUM (CR),2013-12-01 00:00:00,9674.0,9369.0,305.0,448.0,196.0,,,,,-338.0,-66.0,,,-272.0,,,,3.0,-269.0,-269.0,-0.88,-0.88,306.0,306.0,27.0,,,,,,,,,,,,,,,,,,,,,,,,,,,,,,643.0,,,,,,,,
20180209,ELPE,HELLENIC PETROLEUM (CR),2014-12-01 00:00:00,8750.0,8873.0,-123.0,188.0,-79.0,,,,,-427.0,-113.0,,,-314.0,,,,,-314.0,-314.0,-1.03,-1.03,306.0,306.0,-95.0,,,,,,,,,,,,,,,,,,,,,,,,,,,,,,303.0,,,,,,,,
20180209,ELPE,HELLENIC PETROLEUM (CR),2015-12-01 00:00:00,7303.0,6608.0,695.0,458.0,-12.0,,,,,39.0,-6.0,,,45.0,,,,2.0,47.0,47.0,0.15,0.15,306.0,306.0,446.0,,,,,,,,,,,,,,,,,,,,,,,,,,,,,,656.0,,,,,,,,
20180209,ELPE,HELLENIC PETROLEUM (CR),2016-12-01 00:00:00,6680.0,5673.0,1007.0,409.0,-73.0,,,,,466.0,137.0,,,329.0,,,,1.0,330.0,330.0,1.08,1.08,306.0,306.0,880.0,,,,,,,,,,,,,,,,,,,,,,,,,,,,,,541.0,,,,,,,,
20180209,ELPE,HELLENIC PETROLEUM (CR),2017-12-01 00:00:00,7815.0,6697.0,1118.0,396.0,-41.0,,,,,579.0,161.0,,,418.0,,,,-2.0,416.0,416.0,1.37,1.37,306.0,306.0,977.0,,,,,,,,,,,,,,,,,,,,,,,,,,,,,,539.0,,,,,,,,
20180209,ELSTR,ELASTRON (CR),2012-12-01 00:00:00,70.0,64.0,6.0,8.0,1.0,,,,,-3.0,1.0,,,-4.0,,,,0.0,-4.0,-4.0,-0.21,-0.21,19.0,19.0,1.0,,,,,,,,,,,,,,,,,,,,,,,,,,,,,,9.0,,,,,,,,
20180209,ELSTR,ELASTRON (CR),2013-12-01 00:00:00,52.0,47.0,5.0,6.0,2.0,,,,,-3.0,0.0,,-0.0,-3.0,,,,-0.0,-3.0,-3.0,-0.17,-0.17,18.0,18.0,-1.0,,,,,,,,,,,,,,,,,,,,,,,,,,,,,,7.0,,,,,,,,
20180209,ELSTR,ELASTRON (CR),2014-12-01 00:00:00,54.0,49.0,5.0,6.0,1.0,,,,,-3.0,1.0,,-0.0,-4.0,,,,0.0,-4.0,-4.0,-0.2,-0.2,18.0,18.0,-0.0,,,,,,,,,,,,,,,,,,,,,,,,,,,,,,8.0,,,,,,,,
20180209,ELSTR,ELASTRON (CR),2015-12-01 00:00:00,63.0,57.0,7.0,7.0,0.0,,,,,-2.0,1.0,,,-2.0,,,,-0.0,-2.0,-2.0,-0.13,-0.13,18.0,18.0,2.0,,,,,,,,,,,,,,,,,,,,,,,,,,,,,,9.0,,,,,,,,
20180209,ELSTR,ELASTRON (CR),2016-12-01 00:00:00,75.0,64.0,12.0,8.0,-1.0,,,,,2.0,1.0,,,2.0,,,,-0.0,2.0,2.0,0.09,0.09,18.0,18.0,6.0,,,,,,,,,,,,,,,,,,,,,,,,,,,,,,9.0,,,,,,,,
20180209,ELSTR,ELASTRON (CR),2017-12-01 00:00:00,81.0,68.0,13.0,9.0,-0.0,,,,,2.0,1.0,,-0.0,1.0,,,,-0.0,1.0,1.0,0.05,0.05,18.0,18.0,6.0,,,,,,,,,,,,,,,,,,,,,,,,,,,,,,11.0,,,,,,,,
20180209,EUPIC,EUROPEAN RELIANCE INSUR. (CR),2012-12-01 00:00:00,,,,,,,,,,,,,,,,,,,,,,,,,,,,,,,,,,,,,,,,,,,,,,,,,,,,,,,,,,,,,,,
20180209,EUPIC,EUROPEAN RELIANCE INSUR. (CR),2013-12-01 00:00:00,,,,26.0,,,,,,14.0,,,8.0,,,,,,10.0,10.0,0.35,0.35,28.0,28.0,,,,,,,,-4.0,,5.0,,,,,,,,123.0,,,,,153.0,,-4.0,,,,,149.0,,,,,,,,,162.0
20180209,EUPIC,EUROPEAN RELIANCE INSUR. (CR),2014-12-01 00:00:00,,,,25.0,,,,,,15.0,,,7.0,,,,,,10.0,10.0,0.37,0.37,28.0,28.0,,,,,,,,-5.0,,5.0,,,,,,,,124.0,,,,,155.0,,-2.0,,,,,150.0,,,,,,,,,165.0
20180209,EUPIC,EUROPEAN RELIANCE INSUR. (CR),2015-12-01 00:00:00,,,,25.0,,,,,,16.0,,,8.0,,,,,,11.0,11.0,0.41,0.41,28.0,28.0,,,,,,,,-5.0,,4.0,,,,,71.0,,,61.0,,71.0,,,162.0,,-1.0,,,,,156.0,,,,,,,,,173.0
20180209,EUPIC,EUROPEAN RELIANCE INSUR. (CR),2016-12-01 00:00:00,,,,23.0,,,,,,21.0,,,10.0,,,,,,15.0,15.0,0.53,0.53,28.0,28.0,,,,,,,,-6.0,,5.0,,,,,74.0,,,52.0,,74.0,,,155.0,,1.0,,,,,149.0,,,,,,,,,170.0
20180209,EUPIC,EUROPEAN RELIANCE INSUR. (CR),2017-12-01 00:00:00,,,,23.0,,,,,0.0,22.0,,,10.0,,,,,,15.0,15.0,0.56,0.56,28.0,28.0,,,,,,,,-7.0,,5.0,,,,,81.0,,,49.0,,81.0,,,159.0,,1.0,,,,,153.0,,,,,,,,,175.0
20180209,EUROB,EUROBANK ERGASIAS (CR),2012-12-01 00:00:00,,,,,,,,,-142.0,,,,-3228.0,,-86.0,,,,-1453.0,-1453.0,-2300.0,-2300.0,1.0,1.0,,200.0,,,,,-1559.0,,,,331.0,1461.0,,,,,2614.0,-1060.0,405.0,,,,,-334.0,,,,-22.0,294.0,,,,2614.0,4075.0,-1559.0,,,,
20180209,EUROB,EUROBANK ERGASIAS (CR),2013-12-01 00:00:00,,,,,,,,,203.0,,,,-3700.0,,-18.0,,,,-1154.0,-1154.0,-41.0,-41.0,29.0,29.0,,203.0,,,,,-2126.0,,,,254.0,1294.0,,,,,1566.0,-585.0,331.0,,,,,-787.0,,,,41.0,,,,,1566.0,2860.0,-2126.0,,,,
20180209,EUROB,EUROBANK ERGASIAS (CR),2014-12-01 00:00:00,,,,,,,,,941.0,,,,-4478.0,,-232.0,,,,-1219.0,-1219.0,-11.0,-11.0,115.0,115.0,,200.0,,,,,-2642.0,,,,,1515.0,,,,,1388.0,-248.0,248.0,,,,,-714.0,,,,85.0,,,,,1388.0,2903.0,-2642.0,,,,
20180209,EUROB,EUROBANK ERGASIAS (CR),2015-12-01 00:00:00,,,,,,,,,1458.0,,,,-5240.0,,-105.0,,,,-1181.0,-1181.0,-4.02,-4.02,309.0,309.0,,192.0,,,,,-3570.0,,,,,1463.0,,,,,1123.0,-79.0,79.0,,,,,-1036.0,,,,15.0,,,,,1123.0,2586.0,-3570.0,,,,
20180209,EUROB,EUROBANK ERGASIAS (CR),2016-12-01 00:00:00,,,,,,,,,-369.0,,,,-1417.0,,9.0,,,,230.0,230.0,0.11,0.11,2185.0,2185.0,,244.0,,,,,510.0,,,,66.0,1548.0,,,,,829.0,-401.0,65.0,,,,,-80.0,,,,135.0,244.0,,,,829.0,2377.0,510.0,,,,
20180209,EUROB,EUROBANK ERGASIAS (CR),2017-12-01 00:00:00,,,,,,,,,-1164.0,,,,-1415.0,,-142.0,,,,99.0,99.0,0.05,0.05,2184.0,2185.0,,276.0,,,,,1354.0,,,,22.0,1551.0,,,,,,-355.0,73.0,,,,,-51.0,,,,113.0,234.0,,,,,2380.0,1354.0,,,,
20180209,EXAE,HELLENIC EXCHANGES-A.S.E. (CR),2012-12-01 00:00:00,33.0,,,,,23.0,10.0,,6.0,9.0,3.0,,,,,,,,12.0,12.0,0.18,0.18,65.0,65.0,18.0,,,,,,,,,,,,,,,,,23.0,,,,,,,,,,,,,,,,,,,,-1.0,
20180209,EXAE,HELLENIC EXCHANGES-A.S.E. (CR),2013-12-01 00:00:00,81.0,,,,,23.0,59.0,,5.0,59.0,31.0,,,,,,,,32.0,32.0,0.49,0.49,65.0,65.0,65.0,,,,,,,,,,,,1.0,,,,,22.0,,,,,,,,,,,,,,,,,,,,,
20180209,EXAE,HELLENIC EXCHANGES-A.S.E. (CR),2014-12-01 00:00:00,47.0,,,,,23.0,24.0,,4.0,24.0,7.0,,,,,,,,21.0,21.0,0.33,0.33,64.0,64.0,29.0,,,,,,,,,,,,1.0,,,,,22.0,,,,,,,,,,,,,,,,,,,,,
20180209,EXAE,HELLENIC EXCHANGES-A.S.E. (CR),2015-12-01 00:00:00,35.0,,,,,23.0,12.0,,2.0,12.0,4.0,,,,,,,,9.0,9.0,0.14,0.14,65.0,65.0,16.0,,,,,,,,,,,,0.0,,,,,23.0,,,,,,,,,,,,,,,,,,,,,
20180209,EXAE,HELLENIC EXCHANGES-A.S.E. (CR),2016-12-01 00:00:00,27.0,,,,,22.0,5.0,,,3.0,2.0,,,,,,,,1.0,1.0,0.02,0.02,63.0,63.0,8.0,,,,,,,,,,,,,,,,,22.0,,,,,,,,,,,,,,,,,,,,-2.0,
20180209,EXAE,HELLENIC EXCHANGES-A.S.E. (CR),2017-12-01 00:00:00,26.0,,,,,23.0,4.0,,,4.0,2.0,,,,,,,,2.0,2.0,0.03,0.03,61.0,61.0,7.0,,,,,,,,,,,,,,,,,22.0,,,,,,,,,,,,,,,,,,,,0.0,
20180209,EYAPS,THESSALONIKA WATER & SEWERAGE,2012-12-01 00:00:00,74.0,43.0,31.0,,14.0,14.0,16.0,0.0,5.0,21.0,4.0,,,18.0,,,,,18.0,18.0,0.49,0.49,36.0,36.0,27.0,,,,,,,,,,,,,,,,,,,,,,,,,,,,,,,,,,,,,,
20180209,EYAPS,THESSALONIKA WATER & SEWERAGE,2013-12-01 00:00:00,73.0,45.0,27.0,,13.0,13.0,14.0,0.0,4.0,18.0,4.0,,,13.0,,,,-0.0,13.0,13.0,0.36,0.36,36.0,36.0,23.0,,,,,,,,,,,,,,,,,,,,,,,,,,,,,,,,,,,,,,
20180209,EYAPS,THESSALONIKA WATER & SEWERAGE,2014-12-01 00:00:00,74.0,45.0,28.0,,11.0,11.0,17.0,0.0,6.0,23.0,7.0,,,16.0,,,,-3.0,13.0,13.0,0.37,0.37,36.0,36.0,29.0,,,,,,,,,,,,,,,,,,,,,,,,,,,,,,,,,,,,,,
20180209,EYAPS,THESSALONIKA WATER & SEWERAGE,2015-12-01 00:00:00,73.0,47.0,26.0,,11.0,11.0,15.0,0.0,5.0,21.0,7.0,,,13.0,,,,0.0,13.0,13.0,0.37,0.37,36.0,36.0,26.0,,,,,,,,,,,,,,,,,,,,,,,,,,,,,,,,,,,,,,
20180209,EYAPS,THESSALONIKA WATER & SEWERAGE,2016-12-01 00:00:00,73.0,44.0,29.0,,13.0,13.0,17.0,,5.0,22.0,9.0,,,12.0,,,,-0.0,12.0,12.0,0.34,0.34,36.0,36.0,27.0,,,,,,,,,,,,,,,,,,,,,,,,,,,,,,,,,,,,,,
20180209,EYAPS,THESSALONIKA WATER & SEWERAGE,2017-12-01 00:00:00,73.0,43.0,31.0,,10.0,10.0,21.0,,5.0,25.0,8.0,,,17.0,,,,,17.0,17.0,0.46,0.46,36.0,36.0,30.0,,,,,,,,,,,,,,,,,,,,,,,,,,,,,,,,,,,,,,
20180209,EYDAP,EYDAP S.A. (CR),2012-12-01 00:00:00,335.0,207.0,128.0,,74.0,74.0,54.0,,8.0,62.0,15.0,,,47.0,,,,,47.0,47.0,0.44,0.44,106.0,106.0,108.0,,,,,,,,,,,,,,,,,,,,,,,,,,,,,,,,,,,,,,
20180209,EYDAP,EYDAP S.A. (CR),2013-12-01 00:00:00,336.0,191.0,146.0,,89.0,89.0,56.0,,6.0,62.0,-16.0,,,78.0,,,,,78.0,78.0,0.73,0.73,106.0,106.0,88.0,,,,,,,,,,,,,,,,,,,,,,,,,,,,,,,,,,,,,,
20180209,EYDAP,EYDAP S.A. (CR),2014-12-01 00:00:00,326.0,185.0,141.0,,92.0,92.0,50.0,,14.0,63.0,22.0,,,42.0,,,,,42.0,42.0,0.39,0.39,106.0,106.0,90.0,,,,,,,,,,,,,,,,,,,,,,,,,,,,,,,,,,,,,,
20180209,EYDAP,EYDAP S.A. (CR),2015-12-01 00:00:00,324.0,186.0,138.0,,91.0,91.0,47.0,,9.0,56.0,13.0,,,44.0,,,,,44.0,44.0,0.41,0.41,106.0,106.0,89.0,,,,,,,,,,,,,,,,,,,,,,,,,,,,,,,,,,,,,,
20180209,EYDAP,EYDAP S.A. (CR),2016-12-01 00:00:00,329.0,183.0,146.0,,96.0,96.0,50.0,,-9.0,41.0,17.0,,,24.0,,,,,24.0,24.0,0.23,0.23,106.0,106.0,92.0,,,,,,,,,,,,,,,,,,,,,,,,,,,,,,,,,,,,,,
20180209,EYDAP,EYDAP S.A. (CR),2017-12-01 00:00:00,326.0,193.0,133.0,,96.0,96.0,37.0,,12.0,49.0,21.0,,,29.0,,,,,29.0,29.0,0.27,0.27,106.0,106.0,77.0,,,,,,,,,,,,,,,,,,,,,,,,,,,,,,,,,,,,,,
20180209,FFGRP,FOLLI FOLLIE (CR),2012-12-01 00:00:00,1110.0,553.0,557.0,387.0,16.0,404.0,153.0,,-22.0,131.0,35.0,2.0,2.0,96.0,,,,-2.0,94.0,94.0,1.42,1.42,66.0,66.0,213.0,,,,,,,,,,,,,,,,,,,,,,,,,,,,,,,,,,,,,,
20180209,FFGRP,FOLLI FOLLIE (CR),2013-12-01 00:00:00,887.0,441.0,447.0,281.0,10.0,291.0,156.0,,238.0,394.0,51.0,3.0,3.0,343.0,4.0,,,-3.0,345.0,345.0,5.15,5.15,67.0,67.0,187.0,,,,,,,,,,,,,,,,,,,,,,,,,,,,,,,,,,,,,,
20180209,FFGRP,FOLLI FOLLIE (CR),2014-12-01 00:00:00,998.0,496.0,502.0,299.0,12.0,311.0,191.0,,2.0,193.0,47.0,4.0,4.0,145.0,,,,-4.0,141.0,141.0,2.11,2.11,67.0,67.0,223.0,,,,,,,,,,,,,,,,,,,,,,,,,,,,,,,,,,,,,,
20180209,FFGRP,FOLLI FOLLIE (CR),2015-12-01 00:00:00,1193.0,612.0,581.0,341.0,14.0,355.0,226.0,14.0,13.0,225.0,39.0,4.0,4.0,187.0,,,,-4.0,183.0,183.0,2.74,2.74,67.0,67.0,266.0,,,,,,,,,,,,,,,,,,,,,,,,,,,,,,,,,,,,,,
20180209,FFGRP,FOLLI FOLLIE (CR),2016-12-01 00:00:00,1337.0,725.0,612.0,349.0,16.0,365.0,247.0,15.0,21.0,253.0,27.0,4.0,4.0,227.0,,,,-4.0,222.0,222.0,3.35,3.35,66.0,66.0,298.0,,,,,,,,,,,,,,,,,,,,,,,,,,,,,,,,,,,,,,
20180209,FFGRP,FOLLI FOLLIE (CR),2017-12-01 00:00:00,1422.0,776.0,646.0,368.0,10.0,377.0,269.0,,7.0,275.0,25.0,5.0,5.0,250.0,,,,-5.0,245.0,245.0,3.7,3.7,66.0,66.0,321.0,,,,,,,,,,,,,,,,,,,,,,,,,,,,,,,,,,,,,,
20180209,FORTH,Forthnet (CR),2012-12-01 00:00:00,401.0,211.0,190.0,16.0,282.0,298.0,-108.0,,7.0,-101.0,-1.0,,,-101.0,,,,0.0,-100.0,-100.0,-2.35,-2.35,43.0,43.0,-7.0,,,,,,,,,,,,,,,,,,,,,,,,,,,,,,,,,,,,,,
20180209,FORTH,Forthnet (CR),2013-12-01 00:00:00,376.0,209.0,167.0,14.0,213.0,226.0,-59.0,,6.0,-53.0,7.0,,,-60.0,,,,1.0,-60.0,-60.0,-1.4,-1.4,43.0,43.0,35.0,,,,,,,,,,,,,,,,,,,,,,,,,,,,,,,,,,,,,,
20180209,FORTH,Forthnet (CR),2014-12-01 00:00:00,375.0,199.0,176.0,11.0,221.0,231.0,-56.0,,4.0,-52.0,-9.0,,,-43.0,,,,1.0,-42.0,-42.0,-0.39,-0.39,108.0,108.0,38.0,,,,,,,,,,,,,,,,,,,,,,,,,,,,,,,,,,,,,,
20180209,FORTH,Forthnet (CR),2015-12-01 00:00:00,350.0,192.0,158.0,8.0,202.0,210.0,-52.0,19.0,21.0,-50.0,4.0,,,-54.0,,,,5.0,-49.0,-49.0,-0.45,-0.45,110.0,110.0,47.0,,,,,,,,,,,,,,,,,,,,,,,,,,,,,,,,,,,,,,
20180209,FORTH,Forthnet (CR),2016-12-01 00:00:00,321.0,171.0,150.0,7.0,171.0,179.0,-29.0,17.0,20.0,-25.0,-1.0,,,-24.0,,,,0.0,-23.0,-23.0,-0.21,-0.21,110.0,110.0,57.0,,,,,,,,,,,,,,,,,,,,,,,,,,,,,,,,,,,,,,
20180209,FORTH,Forthnet (CR),2017-12-01 00:00:00,305.0,169.0,136.0,7.0,164.0,172.0,-36.0,17.0,21.0,-32.0,-3.0,,,-29.0,,,,0.0,-29.0,-29.0,-0.26,-0.26,110.0,110.0,47.0,,,,,,,,,,,,,,,,,,,,,,,,,,,,,,,,,,,,,,
20180209,FOYRK,FOURLIS (CR),2012-12-01 00:00:00,420.0,261.0,160.0,165.0,3.0,168.0,-8.0,,-3.0,-12.0,-0.0,-0.0,-0.0,-11.0,,,,0.0,-11.0,-11.0,-0.22,-0.22,51.0,51.0,20.0,,,,,,,,,,,,,,,,,,,,,,,,,,,,,,,,,,,,,,
20180209,FOYRK,FOURLIS (CR),2013-12-01 00:00:00,403.0,248.0,155.0,160.0,1.0,161.0,-6.0,,-0.0,-6.0,2.0,,,-8.0,,,,-0.0,-8.0,-8.0,-0.16,-0.16,51.0,51.0,25.0,,,,,,,,,,,,,,,,,,,,,,,,,,,,,,,,,,,,,,
20180209,FOYRK,FOURLIS (CR),2014-12-01 00:00:00,413.0,249.0,164.0,166.0,2.0,168.0,-3.0,10.0,4.0,-9.0,2.0,,,-11.0,,,,-0.0,-11.0,-11.0,-0.23,-0.23,52.0,52.0,20.0,,,,,,,,,,,,,,,,,,,,,,,,,,,,,,,,,,,,,,
20180209,FOYRK,FOURLIS (CR),2015-12-01 00:00:00,413.0,242.0,171.0,151.0,1.0,152.0,19.0,15.0,2.0,6.0,3.0,,,3.0,-3.0,,,,0.0,0.0,0.01,0.0,52.0,52.0,33.0,,,,,,,,,,,,,,,,,,,,,,,,,,,,,,,,,,,,,,
20180209,FOYRK,FOURLIS (CR),2016-12-01 00:00:00,428.0,246.0,182.0,161.0,1.0,162.0,20.0,8.0,-5.0,8.0,1.0,,-0.0,7.0,-1.0,,,,6.0,6.0,0.12,0.11,51.0,52.0,31.0,,,,,,,,,,,,,,,,,,,,,,,,,,,,,,,,,,,,,,
20180209,FOYRK,FOURLIS (CR),2017-12-01 00:00:00,425.0,243.0,183.0,163.0,1.0,163.0,19.0,6.0,-4.0,9.0,2.0,,-0.0,8.0,,,,-1.0,7.0,7.0,0.14,0.14,51.0,53.0,31.0,,,,,,,,,,,,,,,,,,,,,,,,,,,,,,,,,,,,,,
20180209,FRIGO,FRIGOGLASS SA (CR),2012-12-01 00:00:00,581.0,481.0,100.0,64.0,-0.0,68.0,32.0,,-38.0,-6.0,8.0,,,-14.0,,,,-1.0,-15.0,-15.0,-0.92,-0.92,16.0,16.0,68.0,,,,,,,,,,,,,,,,,,,,,,,,,4.0,,,,,,,,,,,,,
20180209,FRIGO,FRIGOGLASS SA (CR),2013-12-01 00:00:00,523.0,435.0,87.0,56.0,-1.0,60.0,27.0,25.0,-19.0,-17.0,11.0,,,-28.0,,,,-3.0,-31.0,-31.0,-1.85,-1.85,17.0,17.0,42.0,,,,,,,,,,,,,,,,,,,,,,,,,4.0,,,,,,,,,,,,,
20180209,FRIGO,FRIGOGLASS SA (CR),2014-12-01 00:00:00,487.0,404.0,83.0,56.0,-0.0,60.0,22.0,26.0,-37.0,-41.0,11.0,,,-52.0,,,,-4.0,-57.0,-57.0,-3.35,-3.35,17.0,17.0,18.0,,,,,,,,,,,,,,,,,,,,,,,,,4.0,,,,,,,,,,,,,
20180209,FRIGO,FRIGOGLASS SA (CR),2015-12-01 00:00:00,454.0,387.0,67.0,52.0,,56.0,11.0,29.0,-17.0,-35.0,23.0,,,-58.0,,,,-4.0,-62.0,-62.0,-3.68,-3.68,17.0,17.0,28.0,,,,,,,,,,,,,,,,,,,,,,,,,4.0,,,,,,,,,,,,,
20180209,FRIGO,FRIGOGLASS SA (CR),2016-12-01 00:00:00,413.0,352.0,61.0,51.0,0.0,55.0,7.0,29.0,-7.0,-29.0,20.0,,,-49.0,,,,-9.0,-58.0,-58.0,-3.42,-3.42,17.0,17.0,30.0,,,,,,,,,,,,,,,,,,,,,,,,,4.0,,,,,,,,,,,,,
20180209,FRIGO,FRIGOGLASS SA (CR),2017-12-01 00:00:00,387.0,334.0,54.0,46.0,-5.0,45.0,9.0,21.0,-34.0,-47.0,14.0,,,-61.0,,,,-6.0,-67.0,-67.0,-3.96,-3.96,17.0,17.0,-1.0,,,,,,,,,,,,,,,,,,,,,,,,,4.0,,,,,,,,,,,,,
20180209,GEKTERNA,GEK TERNA (CR),2012-12-01 00:00:00,673.0,605.0,68.0,37.0,,40.0,29.0,,-72.0,-43.0,4.0,,,-47.0,,,,-5.0,-53.0,-53.0,-0.62,-0.62,84.0,84.0,71.0,,,,,,,,,,,,,,,,,,,,,,,,,3.0,,,,,,,,,,,,,
20180209,GEKTERNA,GEK TERNA (CR),2013-12-01 00:00:00,730.0,646.0,84.0,36.0,117.0,155.0,-72.0,,,-72.0,16.0,,,-88.0,,,,-2.0,-89.0,-89.0,-1.05,-1.05,85.0,86.0,-12.0,,,,,,,,,,,,,,,,,,,,,,,,,3.0,,,,,,,,,,,,,
20180209,GEKTERNA,GEK TERNA (CR),2014-12-01 00:00:00,924.0,861.0,63.0,35.0,80.0,118.0,-55.0,46.0,46.0,-55.0,4.0,,,-59.0,,,,-2.0,-61.0,-61.0,-0.66,-0.66,93.0,102.0,56.0,,,,,,,,,,,,,,,,,,,,,,,,,3.0,,,,,,,,,,,,,
20180209,GEKTERNA,GEK TERNA (CR),2015-12-01 00:00:00,972.0,862.0,109.0,33.0,64.0,100.0,10.0,46.0,55.0,19.0,23.0,,,-4.0,,,,-10.0,-14.0,-14.0,-0.15,-0.15,98.0,98.0,131.0,,,,,,,,,,,,,,,,,,,,,,,,,3.0,,,,,,,,,,,,,
20180209,GEKTERNA,GEK TERNA (CR),2016-12-01 00:00:00,1163.0,951.0,213.0,37.0,100.0,138.0,75.0,47.0,66.0,94.0,48.0,,,46.0,,,,-12.0,34.0,34.0,0.35,0.35,99.0,99.0,218.0,,,,,,,,,,,,,,,,,,,,,,,,,2.0,,,,,,,,,,,,,
20180209,GEKTERNA,GEK TERNA (CR),2017-12-01 00:00:00,1187.0,939.0,248.0,38.0,95.0,134.0,114.0,,15.0,130.0,69.0,,,61.0,,,,-15.0,46.0,46.0,0.47,0.47,98.0,98.0,258.0,,,,,,,,,,,,,,,,,,,,,,,,,2.0,,,,,,,,,,,,,
20180209,GRIV,GRIVALIA PROPERTIES (CR),2012-12-01 00:00:00,39.0,,,1.0,,,-31.0,,-3.0,-26.0,2.0,,,-28.0,,,,,-28.0,-28.0,-0.4,-0.4,70.0,70.0,-31.0,,,,,,,,9.0,,,,,70.0,,,,,,,,,,,,,,,,,,70.0,,,,,,,
20180209,GRIV,GRIVALIA PROPERTIES (CR),2013-12-01 00:00:00,37.0,,,1.0,,,-12.0,,10.0,5.0,3.0,,,3.0,,,,,3.0,3.0,0.04,0.04,70.0,70.0,-12.0,,,,,,,,7.0,,,,,48.0,,,,,,,,,,,,,,,,,,48.0,,,,,,,
20180209,GRIV,GRIVALIA PROPERTIES (CR),2014-12-01 00:00:00,51.0,,,,,,49.0,,-1.0,54.0,4.0,,,50.0,,,,,50.0,50.0,0.52,0.52,96.0,96.0,49.0,,,,,,,,6.0,,,,,2.0,,,,,,,,,,,,,,,,,,2.0,,,,,,,
20180209,GRIV,GRIVALIA PROPERTIES (CR),2015-12-01 00:00:00,58.0,,,,,,69.0,1.0,-1.0,68.0,6.0,,,62.0,,,,,62.0,62.0,0.62,0.62,100.0,100.0,69.0,,,,,,,,0.0,,,,,-11.0,,,,,,,,,,,,,,,,,,-11.0,,,,,,,
20180209,GRIV,GRIVALIA PROPERTIES (CR),2016-12-01 00:00:00,61.0,,,1.0,,,32.0,,-1.0,31.0,5.0,,,26.0,,,,,26.0,26.0,0.27,0.27,98.0,98.0,33.0,,,,,,,,,,,,,28.0,,,,,,,,,,,,,,,,,,29.0,,,,,,,
20180209,GRIV,GRIVALIA PROPERTIES (CR),2017-12-01 00:00:00,64.0,,,1.0,,,51.0,,-1.0,50.0,7.0,,,43.0,,,,,43.0,43.0,0.45,0.45,95.0,95.0,51.0,,,,,,,,,,,,,11.0,,,,,,,,,,,,,,,,,,13.0,,,,,,,
20180209,HSI,HEL. SUGAR INDUSTRY SA (CB),2012-06-01 00:00:00,229.0,176.0,53.0,24.0,25.0,49.0,4.0,22.0,19.0,0.0,-3.0,,-0.0,3.0,,,,0.0,3.0,3.0,0.08,0.08,37.0,37.0,23.0,,,,,,,,,,,,,,,,,,,,,0.0,,,,,,,,,,,,,,,,,
20180209,HSI,HEL. SUGAR INDUSTRY SA (CB),2013-06-01 00:00:00,228.0,184.0,44.0,22.0,23.0,45.0,-0.0,,-11.0,-11.0,-1.0,,,-11.0,,,,-0.0,-11.0,-11.0,-0.3,-0.3,37.0,37.0,4.0,,,,,,,,,,,,,,,,,,,,,,,,,,,,,,,,,,,,,,
20180209,HSI,HEL. SUGAR INDUSTRY SA (CB),2014-06-01 00:00:00,177.0,170.0,7.0,21.0,32.0,53.0,-45.0,,-12.0,-57.0,-8.0,,,-50.0,,,,-0.0,-50.0,-50.0,-1.36,-1.36,37.0,37.0,-43.0,,,,,,,,,,,,,,,,,,,,,,,,,,,,,,,,,,,,,,
20180209,HSI,HEL. SUGAR INDUSTRY SA (CB),2015-06-01 00:00:00,175.0,201.0,-26.0,19.0,12.0,31.0,-57.0,14.0,3.0,-67.0,6.0,,,-72.0,,,,0.0,-72.0,-72.0,-1.97,-1.97,37.0,37.0,-53.0,,,,,,,,,,,,,,,,,,,,,,,,,,,,,,,,,,,,,,
20180209,HSI,HEL. SUGAR INDUSTRY SA (CB),2016-06-01 00:00:00,116.0,120.0,-4.0,14.0,18.0,31.0,-35.0,9.0,3.0,-42.0,1.0,,,-43.0,,,,-0.0,-43.0,-43.0,-1.16,-1.16,37.0,37.0,-33.0,,,,,,,,,,,,,,,,,,,,,,,,,,,,,,,,,,,,,,
20180209,HSI,HEL. SUGAR INDUSTRY SA (CB),2017-12-01 00:00:00,116.0,120.0,-4.0,14.0,18.0,31.0,-35.0,9.0,3.0,-42.0,1.0,,,-43.0,,,,-0.0,-43.0,-43.0,-1.16,-1.16,37.0,37.0,-33.0,,,,,,,,,,,,,,,,,,,,,,,,,,,,,,,,,,,,,,
20180209,HTO,OTE (CR),2012-12-01 00:00:00,4680.0,889.0,3792.0,1759.0,1418.0,3176.0,615.0,249.0,243.0,609.0,108.0,,,502.0,,,,-25.0,476.0,476.0,0.97,0.97,490.0,490.0,1777.0,,,,,,,,,,,,,,,,,,,,,,,,,,,,,,,,,,,,,,
20180209,HTO,OTE (CR),2013-12-01 00:00:00,4054.0,2098.0,1956.0,313.0,1308.0,1620.0,335.0,249.0,228.0,315.0,21.0,,,294.0,29.0,,,-6.0,317.0,317.0,0.59,0.58,490.0,492.0,1406.0,,,,,,,,,,,,,,,,,,,,,,,,,,,,,,,,,,,,,,
20180209,HTO,OTE (CR),2014-12-01 00:00:00,3918.0,1631.0,2287.0,120.0,1578.0,1698.0,589.0,203.0,9.0,395.0,124.0,,,272.0,,,,-4.0,267.0,267.0,0.55,0.55,488.0,488.0,1394.0,,,,,,,,,,,,,,,,,,,,,,,,,,,,,,,,,,,,,,
20180209,HTO,OTE (CR),2015-12-01 00:00:00,3903.0,1696.0,2207.0,315.0,1501.0,1816.0,391.0,157.0,13.0,246.0,118.0,,,129.0,,,,23.0,152.0,152.0,0.31,0.31,489.0,489.0,1233.0,,,,,,,,,,,,,,,,,,,,,,,,,,,,,,,,,,,,,,
20180209,HTO,OTE (CR),2016-12-01 00:00:00,3908.0,1638.0,2270.0,205.0,1702.0,1906.0,364.0,149.0,38.0,252.0,168.0,,,84.0,,,,56.0,140.0,140.0,0.29,0.29,489.0,489.0,1283.0,,,,,,,,,,,,,,,,,,,,,,,,,,,,,,,,,,,,,,
20180209,HTO,OTE (CR),2017-12-01 00:00:00,3886.0,1682.0,2204.0,201.0,1624.0,1825.0,380.0,142.0,15.0,253.0,169.0,,,84.0,,,,52.0,136.0,136.0,0.28,0.28,489.0,489.0,1250.0,,,,,,,,,,,,,,,,,,,,,,,,,,,,,,,,,,,,,,
20180209,IASO,IASO SA (CR),2012-12-01 00:00:00,124.0,103.0,21.0,4.0,8.0,13.0,8.0,9.0,6.0,6.0,3.0,,,3.0,,,,2.0,4.0,4.0,0.05,0.05,87.0,87.0,14.0,,,,,,,,,,,,,,,,,,,,,,,,,,,,,,,,,,,,,,
20180209,IASO,IASO SA (CR),2013-12-01 00:00:00,107.0,97.0,10.0,12.0,1.0,13.0,-3.0,,2.0,-1.0,2.0,,-0.0,-3.0,,,,1.0,-2.0,-2.0,-0.02,-0.02,87.0,87.0,6.0,,,,,,,,,,,,,,,,,,,,,,,,,,,,,,,,,,,,,,
20180209,IASO,IASO SA (CR),2014-12-01 00:00:00,117.0,102.0,14.0,11.0,22.0,32.0,-18.0,7.0,23.0,-3.0,3.0,,,-6.0,,,,3.0,-3.0,-3.0,-0.04,-0.03,87.0,87.0,15.0,,,,,,,,,,,,,,,,,,,,,,,,,,,,,,,,,,,,,,
20180209,IASO,IASO SA (CR),2015-12-01 00:00:00,109.0,96.0,13.0,12.0,11.0,23.0,-10.0,7.0,15.0,-3.0,-10.0,,,8.0,,,,3.0,10.0,10.0,0.12,0.12,87.0,87.0,15.0,,,,,,,,,,,,,,,,,,,,,,,,,,,,,,,,,,,,,,
20180209,IASO,IASO SA (CR),2016-12-01 00:00:00,117.0,96.0,20.0,11.0,12.0,23.0,-3.0,5.0,13.0,5.0,2.0,,-0.0,3.0,,,,1.0,4.0,4.0,0.05,0.05,87.0,87.0,20.0,,,,,,,,,,,,,,,,,,,,,,,,,,,,,,,,,,,,,,
20180209,IASO,IASO SA (CR),2017-12-01 00:00:00,119.0,93.0,26.0,11.0,12.0,23.0,3.0,5.0,13.0,10.0,3.0,,-0.0,7.0,,,,1.0,9.0,9.0,0.1,0.1,87.0,87.0,26.0,,,,,,,,,,,,,,,,,,,,,,,,,,,,,,,,,,,,,,
20180209,IATR,ATHENS MEDICAL CENTER SA (CR),2012-12-01 00:00:00,,,,56.0,,,,,-0.0,-5.0,,,230.0,,,,,,-7.0,-7.0,-0.08,-0.08,87.0,87.0,18.0,,,,,,,-2.0,,,,,,,,,,178.0,,,,,,,,,,,,234.0,,,,,,,,,230.0
20180209,IATR,ATHENS MEDICAL CENTER SA (CR),2013-12-01 00:00:00,,,,33.0,,,,,-0.0,-32.0,,,142.0,,,,,,-39.0,-39.0,-0.45,-0.45,87.0,87.0,-22.0,,,,,,,-7.0,,,,,,,,,,141.0,,,,,,,,,,,,174.0,,,,,,,,,142.0
20180209,IATR,ATHENS MEDICAL CENTER SA (CR),2014-12-01 00:00:00,,,,35.0,,,,,-0.0,-17.0,,,149.0,,,,,,-19.0,-19.0,-0.21,-0.21,87.0,87.0,-8.0,,,,,,,-1.0,,,,,,,,,,131.0,,,,,,,,,,,,166.0,,,,,,,,,149.0
20180209,IATR,ATHENS MEDICAL CENTER SA (CR),2015-12-01 00:00:00,,,,36.0,,,,,-0.0,-16.0,,,157.0,,,,,,-16.0,-16.0,-0.18,-0.18,87.0,87.0,1.0,,,,,,,0.0,,1.0,,,,,,,,131.0,,,,,,,,,,,,174.0,,,,,,,,,158.0
20180209,IATR,ATHENS MEDICAL CENTER SA (CR),2016-12-01 00:00:00,,,,27.0,,,,,-0.0,7.0,,,167.0,,,,,,3.0,3.0,0.04,0.04,87.0,87.0,23.0,,,,,,,-3.0,,,,,,,,,,125.0,,,,,,,,,,,,161.0,,,,,,,,,167.0
20180209,IATR,ATHENS MEDICAL CENTER SA (CR),2017-12-01 00:00:00,,,,27.0,,,,,-0.0,11.0,,,170.0,,,,,,7.0,7.0,0.09,0.09,87.0,,27.0,,,,,,,-3.0,,,,,,,,,,125.0,,,,,,,,,,,,159.0,,,,,,,,,170.0
20180209,INLOT,INTRALOT (CR),2012-12-01 00:00:00,1374.0,1131.0,243.0,161.0,10.0,182.0,61.0,43.0,40.0,58.0,25.0,,,33.0,,,,-27.0,6.0,6.0,0.04,0.04,159.0,159.0,195.0,,,,,,,,,,,,,,,,,,,,,,,,,10.0,,,,,,,,,,,,,
20180209,INLOT,INTRALOT (CR),2013-12-01 00:00:00,1539.0,1272.0,268.0,161.0,53.0,221.0,47.0,,6.0,54.0,32.0,,,21.0,,,,-26.0,-5.0,-5.0,-0.03,-0.03,159.0,159.0,145.0,,,,,,,,,,,,,,,,,,,,,,,,,7.0,,,,,,,,,,,,,
20180209,INLOT,INTRALOT (CR),2014-12-01 00:00:00,1853.0,1583.0,270.0,180.0,76.0,264.0,7.0,,30.0,37.0,44.0,,,-8.0,,,,-42.0,-50.0,-50.0,-0.31,-0.31,159.0,159.0,124.0,,,,,,,,,,,,,,,,,,,,,,,,,7.0,,,,,,,,,,,,,
20180209,INLOT,INTRALOT (CR),2015-12-01 00:00:00,1915.0,1653.0,262.0,191.0,67.0,264.0,-3.0,62.0,90.0,26.0,46.0,,,-21.0,,,,-44.0,-65.0,-65.0,-0.41,-0.41,158.0,158.0,186.0,,,,,,,,,,,,,,,,,,,,,,,,,6.0,,,,,,,,,,,,,
20180209,INLOT,INTRALOT (CR),2016-12-01 00:00:00,1324.0,1090.0,233.0,144.0,10.0,158.0,75.0,80.0,10.0,5.0,33.0,,,-28.0,73.0,,,-44.0,1.0,1.0,0.01,0.01,158.0,158.0,172.0,,,,,,,,,,,,,,,,,,,,,,,,,5.0,,,,,,,,,,,,,
20180209,INLOT,INTRALOT (CR),2017-12-01 00:00:00,1452.0,1196.0,256.0,151.0,11.0,167.0,88.0,71.0,6.0,23.0,34.0,,,-10.0,26.0,,,-48.0,-33.0,-33.0,-0.21,-0.21,157.0,157.0,164.0,,,,,,,,,,,,,,,,,,,,,,,,,5.0,,,,,,,,,,,,,
20180209,INTERCO,INTERCONTINENTAL (CR),2012-12-01 00:00:00,,,,,,,,,,,,,,,,,,,,,,,,,,,,,,,,,,,,,,,,,,,,,,,,,,,,,,,,,,,,,,,
20180209,INTERCO,INTERCONTINENTAL (CR),2013-12-01 00:00:00,,,,,,,,,,,,,,,,,,,,,,,,,,,,,,,,,,,,,,,,,,,,,,,,,,,,,,,,,,,,,,,
20180209,INTERCO,INTERCONTINENTAL (CR),2014-12-01 00:00:00,3.0,,,0.0,,,3.0,1.0,2.0,5.0,0.0,,,5.0,,,,,5.0,5.0,,,,,5.0,,,,,,,,0.0,,,,,0.0,,,,,,,,,,,,,,,,,,0.0,,,,,,,
20180209,INTERCO,INTERCONTINENTAL (CR),2015-12-01 00:00:00,7.0,,,0.0,,,6.0,1.0,2.0,8.0,0.0,,,8.0,,,,,8.0,8.0,0.78,0.78,10.0,10.0,9.0,,,,,,,,0.0,,,,,0.0,,,,,,,,,,,,,,,,,,1.0,,,,,,,
20180209,INTERCO,INTERCONTINENTAL (CR),2016-12-01 00:00:00,7.0,,,0.0,,,6.0,0.0,1.0,6.0,1.0,,,5.0,,,,-0.0,5.0,5.0,0.59,0.59,9.0,9.0,6.0,,,,,,,,0.0,,,,,1.0,,,,,,,,,,,,,,,,,,1.0,,,,,,,
20180209,INTERCO,INTERCONTINENTAL (CR),2017-12-01 00:00:00,8.0,,,0.0,,,6.0,0.0,-0.0,6.0,1.0,,,5.0,,,,-0.0,5.0,5.0,0.49,0.49,,,6.0,,,,,,,,0.0,,,,,1.0,,,,,,,,,,,,,,,,,,1.0,,,,,,,
20180209,INTRK,INTRACOM HOLDINGS (CR),2012-12-01 00:00:00,542.0,447.0,95.0,95.0,7.0,102.0,-7.0,32.0,-11.0,-49.0,0.0,,,-50.0,,,,7.0,-43.0,-43.0,-0.32,-0.32,133.0,133.0,54.0,,,,,,,,,,,,,,,,,,,,,,,,,,,,,,,,,,,,,,
20180209,INTRK,INTRACOM HOLDINGS (CR),2013-12-01 00:00:00,514.0,442.0,72.0,84.0,40.0,123.0,-51.0,,-25.0,-76.0,-3.0,,,-73.0,,,,9.0,-65.0,-65.0,-0.49,-0.49,133.0,133.0,17.0,,,,,,,,,,,,,,,,,,,,,,,,,,,,,,,,,,,,,,
20180209,INTRK,INTRACOM HOLDINGS (CR),2014-12-01 00:00:00,346.0,287.0,60.0,56.0,9.0,64.0,-5.0,10.0,1.0,-14.0,2.0,,0.0,-16.0,40.0,,,-3.0,20.0,20.0,0.15,0.15,133.0,133.0,34.0,,,,,,,,,,,,,,,,,,,,,,,,,,,,,,,,,,,,,,
20180209,INTRK,INTRACOM HOLDINGS (CR),2015-12-01 00:00:00,377.0,310.0,67.0,36.0,29.0,65.0,3.0,10.0,0.0,-8.0,4.0,,-0.0,-12.0,,,,,-12.0,-12.0,-0.07,-0.09,133.0,133.0,12.0,,,,,,,,,,,,,,,,,,,,,,,,,,,,,,,,,,,,,,
20180209,INTRK,INTRACOM HOLDINGS (CR),2016-12-01 00:00:00,402.0,332.0,70.0,52.0,8.0,60.0,10.0,11.0,3.0,2.0,6.0,,,-4.0,,,,2.0,-2.0,-2.0,-0.02,-0.02,133.0,133.0,22.0,,,,,,,,,,,,,,,,,,,,,,,,,,,,,,,,,,,,,,
20180209,INTRK,INTRACOM HOLDINGS (CR),2017-12-01 00:00:00,414.0,337.0,77.0,54.0,57.0,111.0,-35.0,,38.0,3.0,6.0,,,-3.0,,,,3.0,0.0,0.0,0.0,0.0,133.0,133.0,31.0,,,,,,,,,,,,,,,,,,,,,,,,,,,,,,,,,,,,,,
20180209,KARE,KARELIA TOBACCO CO. SA (CB),2012-12-01 00:00:00,630.0,82.0,548.0,,496.0,496.0,52.0,,7.0,59.0,12.0,,,48.0,,,,0.0,48.0,48.0,17.31,17.31,3.0,3.0,59.0,,,,,,,,,,,,,,,,,,,,,,,,,,,,,,,,,,,,,,
20180209,KARE,KARELIA TOBACCO CO. SA (CB),2013-12-01 00:00:00,721.0,633.0,88.0,29.0,,29.0,59.0,,2.0,61.0,21.0,,,40.0,,,,0.0,40.0,40.0,14.47,14.47,3.0,3.0,67.0,,,,,,,,,,,,,,,,,,,,,,,,,,,,,,,,,,,,,,
20180209,KARE,KARELIA TOBACCO CO. SA (CB),2014-12-01 00:00:00,729.0,637.0,92.0,30.0,,30.0,62.0,,25.0,87.0,23.0,,,64.0,,,,0.0,64.0,64.0,23.16,23.16,3.0,3.0,74.0,,,,,,,,,,,,,,,,,,,,,,,,,,,,,,,,,,,,,,
20180209,KARE,KARELIA TOBACCO CO. SA (CB),2015-12-01 00:00:00,837.0,720.0,117.0,45.0,,45.0,72.0,,12.0,84.0,30.0,,,54.0,,,,0.0,54.0,54.0,19.53,19.53,3.0,3.0,80.0,,,,,,,,,,,,,,,,,,,,,,,,,,,,,,,,,,,,,,
20180209,KARE,KARELIA TOBACCO CO. SA (CB),2016-12-01 00:00:00,876.0,759.0,117.0,32.0,2.0,34.0,83.0,1.0,6.0,89.0,27.0,,,62.0,,,,0.0,62.0,62.0,22.61,22.61,3.0,3.0,94.0,,,,,,,,,,,,,,,,,,,,,,,,,,,,,,,,,,,,,,
20180209,KARE,KARELIA TOBACCO CO. SA (CB),2017-12-01 00:00:00,898.0,789.0,109.0,30.0,2.0,32.0,78.0,,3.0,81.0,23.0,,,59.0,,,,0.0,59.0,59.0,21.23,21.23,3.0,3.0,89.0,,,,,,,,,,,,,,,,,,,,,,,,,,,,,,,,,,,,,,
20180209,KYRI,KIRIAKOULIS SHIPPING SA (CR),2012-12-01 00:00:00,15.0,13.0,3.0,3.0,0.0,3.0,-0.0,,0.0,0.0,0.0,,,0.0,0.0,,,0.0,1.0,1.0,0.09,0.09,8.0,8.0,2.0,,,,,,,,,,,,,,,,,,,,,,,,,,,,,,,,,,,,,,
20180209,KYRI,KIRIAKOULIS SHIPPING SA (CR),2013-12-01 00:00:00,15.0,12.0,3.0,3.0,0.0,3.0,-0.0,,-0.0,-0.0,0.0,,,-0.0,0.0,,,-0.0,-1.0,-1.0,-0.07,-0.07,8.0,8.0,2.0,,,,,,,,,,,,,,,,,,,,,,,,,,,,,,,,,,,,,,
20180209,KYRI,KIRIAKOULIS SHIPPING SA (CR),2014-12-01 00:00:00,15.0,12.0,3.0,2.0,1.0,3.0,-0.0,,0.0,-0.0,1.0,,,-1.0,,,,,-1.0,-1.0,-0.14,-0.14,8.0,8.0,3.0,,,,,,,,,,,,,,,,,,,,,,,,,,,,,,,,,,,,,,
20180209,KYRI,KIRIAKOULIS SHIPPING SA (CR),2015-12-01 00:00:00,16.0,13.0,3.0,2.0,1.0,3.0,0.0,1.0,1.0,0.0,1.0,,,-0.0,,,,,-0.0,-0.0,-0.06,-0.06,8.0,8.0,3.0,,,,,,,,,,,,,,,,,,,,,,,,,,,,,,,,,,,,,,
20180209,KYRI,KIRIAKOULIS SHIPPING SA (CR),2016-12-01 00:00:00,20.0,17.0,3.0,2.0,1.0,3.0,-0.0,1.0,2.0,0.0,0.0,,-0.0,0.0,,,,0.0,0.0,0.0,0.05,0.05,8.0,8.0,3.0,,,,,,,,,,,,,,,,,,,,,,,,,,,,,,,,,,,,,,
20180209,KYRI,KIRIAKOULIS SHIPPING SA (CR),2017-12-01 00:00:00,23.0,20.0,3.0,2.0,1.0,3.0,-0.0,1.0,2.0,1.0,0.0,,-0.0,0.0,,,,-0.0,0.0,0.0,0.04,0.04,8.0,,3.0,,,,,,,,,,,,,,,,,,,,,,,,,,,,,,,,,,,,,,
20180209,LAMDA,LAMDA DEVELOPMENT SA (CR),2012-12-01 00:00:00,78.0,,,,,,86.0,,-4.0,106.0,-8.0,,-212.0,-98.0,,,,6.0,-92.0,-92.0,-2.02,-2.02,46.0,46.0,89.0,,,,,,,,25.0,,,,,-8.0,,,,,,,,,,,,,,,,,,-8.0,,,,,,,
20180209,LAMDA,LAMDA DEVELOPMENT SA (CR),2013-12-01 00:00:00,64.0,,,,,,-20.0,,-20.0,-40.0,9.0,,,-49.0,1.0,,,0.0,-49.0,-49.0,-1.07,-1.07,45.0,46.0,-18.0,,,,,,,,,,,,,84.0,,,,,,,,,,,,,,,,,,84.0,,,,,,,
20180209,LAMDA,LAMDA DEVELOPMENT SA (CR),2014-12-01 00:00:00,44.0,,,2.0,,,-10.0,14.0,-2.0,-24.0,-1.0,,,-24.0,,,,0.0,-23.0,-23.0,-0.4,-0.4,58.0,58.0,-9.0,,,,,,,,2.0,,,,,52.0,,,,,,,,,,,,,,,,,,55.0,,,,,,,
20180209,LAMDA,LAMDA DEVELOPMENT SA (CR),2015-12-01 00:00:00,44.0,,,3.0,,,8.0,13.0,-10.0,-15.0,7.0,,,-22.0,,,,0.0,-22.0,-22.0,-0.28,-0.28,79.0,79.0,-1.0,,,,,,,,1.0,,,,,33.0,,,,,,,,,,,,,,,,,,37.0,,,,,,,
20180209,LAMDA,LAMDA DEVELOPMENT SA (CR),2016-12-01 00:00:00,49.0,,,3.0,,,19.0,13.0,-3.0,3.0,7.0,,,-3.0,,,,0.0,-3.0,-3.0,-0.04,-0.04,79.0,79.0,17.0,,,,,,,,0.0,,,,,28.0,,,,,,,,,,,,,,,,,,30.0,,,,,,,
20180209,LAMDA,LAMDA DEVELOPMENT SA (CR),2017-12-01 00:00:00,56.0,,,3.0,,,5.0,16.0,-2.0,-13.0,11.0,,,-24.0,,,,-2.0,-25.0,-25.0,-0.32,-0.32,78.0,78.0,4.0,,,,,,,,,,,,,49.0,,,,,,,,,,,,,,,,,,52.0,,,,,,,
20180209,LAMPS,LAMPSA HOTEL SA (CR),2012-12-01 00:00:00,35.0,28.0,6.0,10.0,1.0,11.0,-5.0,,-1.0,-5.0,-1.0,,,-4.0,,,,-0.0,-4.0,-4.0,-0.19,-0.19,21.0,21.0,3.0,,,,,,,,,,,,,,,,,,,,,,,,,,,,,,,,,,,,,,
20180209,LAMPS,LAMPSA HOTEL SA (CR),2013-12-01 00:00:00,44.0,31.0,12.0,12.0,1.0,12.0,-0.0,2.0,4.0,2.0,-2.0,,,3.0,,,,-0.0,3.0,3.0,0.15,0.15,21.0,21.0,10.0,,,,,,,,,,,,,,,,,,,,,,,,,,,,,,,,,,,,,,
20180209,LAMPS,LAMPSA HOTEL SA (CR),2014-12-01 00:00:00,49.0,32.0,17.0,11.0,1.0,12.0,5.0,2.0,-10.0,-7.0,-2.0,,,-5.0,,,,0.0,-5.0,-5.0,-0.21,-0.21,21.0,21.0,-1.0,,,,,,,,,,,,,,,,,,,,,,,,,,,,,,,,,,,,,,
20180209,LAMPS,LAMPSA HOTEL SA (CR),2015-12-01 00:00:00,52.0,32.0,19.0,13.0,0.0,13.0,6.0,1.0,-3.0,2.0,0.0,,,1.0,,,,0.0,1.0,1.0,0.06,0.06,21.0,21.0,8.0,,,,,,,,,,,,,,,,,,,,,,,,,,,,,,,,,,,,,,
20180209,LAMPS,LAMPSA HOTEL SA (CR),2016-12-01 00:00:00,52.0,33.0,19.0,12.0,0.0,13.0,7.0,1.0,-3.0,3.0,1.0,,,2.0,,,,0.0,2.0,2.0,0.11,0.11,21.0,21.0,9.0,,,,,,,,,,,,,,,,,,,,,,,,,,,,,,,,,,,,,,
20180209,LAMPS,LAMPSA HOTEL SA (CR),2017-12-01 00:00:00,57.0,34.0,23.0,13.0,0.0,14.0,10.0,1.0,-2.0,6.0,1.0,,,5.0,,,,0.0,5.0,5.0,0.24,0.24,21.0,21.0,12.0,,,,,,,,,,,,,,,,,,,,,,,,,,,,,,,,,,,,,,
20180209,LANAC,LANAKAM SA (CR),2012-12-01 00:00:00,2.0,1.0,1.0,1.0,0.0,1.0,-0.0,0.0,0.0,-0.0,0.0,,-0.0,-0.0,,,,,-0.0,-0.0,-0.08,-0.08,6.0,6.0,-0.0,,,,,,,,,,,,,,,,,,,,,,,,,,,,,,,,,,,,,,
20180209,LANAC,LANAKAM SA (CR),2013-12-01 00:00:00,2.0,1.0,1.0,0.0,1.0,1.0,-0.0,0.0,0.0,-0.0,,,,-0.0,,,,,-0.0,-0.0,-0.06,-0.06,6.0,6.0,-0.0,,,,,,,,,,,,,,,,,,,,,,,,,,,,,,,,,,,,,,
20180209,LANAC,LANAKAM SA (CR),2014-12-01 00:00:00,2.0,1.0,1.0,1.0,0.0,1.0,-0.0,0.0,0.0,-0.0,,,,-0.0,,,,,-0.0,-0.0,-0.02,-0.02,6.0,6.0,0.0,,,,,,,,,,,,,,,,,,,,,,,,,,,,,,,,,,,,,,
20180209,LANAC,LANAKAM SA (CR),2015-12-01 00:00:00,2.0,1.0,1.0,1.0,0.0,1.0,-0.0,0.0,0.0,-0.0,,,,-0.0,,,,,-0.0,-0.0,-0.03,-0.03,6.0,6.0,-0.0,,,,,,,,,,,,,,,,,,,,,,,,,,,,,,,,,,,,,,
20180209,LANAC,LANAKAM SA (CR),2016-12-01 00:00:00,2.0,1.0,1.0,1.0,0.0,1.0,-0.0,0.0,0.0,-0.0,,,,-0.0,,,,,-0.0,-0.0,-0.03,-0.03,6.0,6.0,-0.0,,,,,,,,,,,,,,,,,,,,,,,,,,,,,,,,,,,,,,
20180209,LANAC,LANAKAM SA (CR),2017-12-01 00:00:00,2.0,1.0,1.0,,,,1.0,,-1.0,-0.0,,,,-0.0,,,,-0.0,-0.0,-0.0,-0.02,-0.02,6.0,6.0,,,,,,,,,,,,,,,,,,,,,,,,,,,,,,,,,,,,,,,
20180209,LYK,INFORM P. LYKOS SA (CR),2006-12-01 00:00:00,69.0,50.0,19.0,13.0,,13.0,6.0,0.0,3.0,8.0,,,-8.0,,,,,,,,,,,,12.0,,,,,,,,,,,,,,,,,,,,,,,,,0.0,,,,,,,,,,,,,
20180209,LYK,INFORM P. LYKOS SA (CR),2007-12-01 00:00:00,73.0,55.0,19.0,,10.0,10.0,8.0,,-1.0,8.0,2.0,,-0.0,5.0,,,,0.0,5.0,5.0,0.24,0.24,20.0,20.0,15.0,,,,,,,,,,,,,,,,,,,,,0.0,,,,,,,,,,,,,,,,,
20180209,LYK,INFORM P. LYKOS SA (CR),2008-12-01 00:00:00,128.0,89.0,39.0,29.0,1.0,34.0,5.0,4.0,9.0,9.0,2.0,,-1.0,6.0,,,,1.0,6.0,6.0,0.27,0.27,20.0,20.0,22.0,,,,,,,,,,,,,,,,,,,,,1.0,,,,4.0,,,,,,,,,,,,,
20180209,LYK,INFORM P. LYKOS SA (CR),2009-12-01 00:00:00,106.0,70.0,36.0,26.0,2.0,31.0,5.0,3.0,4.0,5.0,2.0,,-1.0,3.0,,,,1.0,3.0,3.0,0.13,0.13,20.0,20.0,16.0,,,,,,,,,,,,,,,,,,,,,1.0,,,,4.0,,,,,,,,,,,,,
20180209,LYK,INFORM P. LYKOS SA (CR),2010-12-01 00:00:00,114.0,72.0,41.0,27.0,6.0,36.0,5.0,2.0,-0.0,4.0,3.0,,-1.0,-0.0,,,,1.0,1.0,-0.0,-0.02,-0.02,21.0,21.0,13.0,,,,,,,,,,,,,,,,,,,,,1.0,,,,4.0,,,,,,,,,,,,,
20180209,LYK,INFORM P. LYKOS SA (CR),2017-12-01 00:00:00,115.0,74.0,40.0,,38.0,38.0,3.0,-1.0,-0.0,4.0,2.0,,-1.0,0.0,,,,1.0,1.0,0.0,0.01,0.01,21.0,21.0,9.0,,,,,,,,,,,,,,,,,,,,,1.0,,,,,,,,,,,,,,,,,
20180209,MHXAK,MICHANIKI SA (CR),2009-12-01 00:00:00,150.0,128.0,22.0,16.0,14.0,30.0,-7.0,10.0,-46.0,-64.0,-9.0,,8.0,-47.0,,,,-8.0,-55.0,-47.0,-0.51,-0.51,66.0,66.0,-47.0,,,,,,,,,,,,,,,,,,,,,-8.0,,,,,,,,,,,,,,,,,
20180209,MHXAK,MICHANIKI SA (CR),2010-12-01 00:00:00,70.0,94.0,-24.0,11.0,18.0,30.0,-53.0,,3.0,-50.0,7.0,,,-57.0,,,,14.0,-43.0,-43.0,-0.65,-0.65,67.0,67.0,-44.0,,,,,,,,,,,,,,,,,,,,,,,,,,,,,,,,,,,,,,
20180209,MHXAK,MICHANIKI SA (CR),2011-12-01 00:00:00,37.0,67.0,-30.0,8.0,26.0,34.0,-65.0,19.0,4.0,-79.0,-7.0,,4.0,-68.0,,,,-4.0,-72.0,-68.0,-0.73,-0.73,67.0,67.0,-57.0,,,,,,,,,,,,,,,,,,,,,-4.0,,,,,,,,,,,,,,,,,
20180209,MHXAK,MICHANIKI SA (CR),2012-12-01 00:00:00,29.0,20.0,9.0,6.0,3.0,9.0,0.0,,-22.0,-22.0,2.0,,,-24.0,,,,-0.0,-24.0,-24.0,-0.26,-0.26,67.0,67.0,5.0,,,,,,,,,,,,,,,,,,,,,,,,,,,,,,,,,,,,,,
20180209,MHXAK,MICHANIKI SA (CR),2013-12-01 00:00:00,15.0,28.0,-13.0,5.0,72.0,77.0,-90.0,,92.0,2.0,28.0,,,-25.0,,,,6.0,-19.0,-19.0,-0.2,-0.2,67.0,67.0,24.0,,,,,,,,,,,,,,,,,,,,,,,,,,,,,,,,,,,,,,
20180209,MHXAK,MICHANIKI SA (CR),2017-12-01 00:00:00,15.0,28.0,-13.0,5.0,72.0,77.0,-90.0,,92.0,2.0,28.0,,,-25.0,,,,6.0,-19.0,-19.0,-0.2,-0.2,67.0,67.0,24.0,,,,,,,,,,,,,,,,,,,,,,,,,,,,,,,,,,,,,,
20180209,MHXAP,MICHANIKI SA (PR),2009-12-01 00:00:00,150.0,128.0,22.0,16.0,14.0,30.0,-7.0,10.0,-46.0,-64.0,-9.0,,8.0,-47.0,,,,-8.0,-55.0,-47.0,,,,,-47.0,,,,,,,,,,,,,,,,,,,,,-8.0,,,,,,,,,,,,,,,,,
20180209,MHXAP,MICHANIKI SA (PR),2010-12-01 00:00:00,70.0,94.0,-24.0,11.0,18.0,30.0,-53.0,,3.0,-50.0,7.0,,,-57.0,,,,14.0,-43.0,-43.0,,,,,-44.0,,,,,,,,,,,,,,,,,,,,,,,,,,,,,,,,,,,,,,
20180209,MHXAP,MICHANIKI SA (PR),2011-12-01 00:00:00,37.0,67.0,-30.0,8.0,26.0,34.0,-65.0,19.0,4.0,-79.0,-7.0,,4.0,-68.0,,,,-4.0,-72.0,-68.0,,,,,-57.0,,,,,,,,,,,,,,,,,,,,,-4.0,,,,,,,,,,,,,,,,,
20180209,MHXAP,MICHANIKI SA (PR),2012-12-01 00:00:00,29.0,20.0,9.0,6.0,3.0,9.0,0.0,,-22.0,-22.0,2.0,,,-24.0,,,,-0.0,-24.0,-24.0,,,,,5.0,,,,,,,,,,,,,,,,,,,,,,,,,,,,,,,,,,,,,,
20180209,MHXAP,MICHANIKI SA (PR),2013-12-01 00:00:00,15.0,28.0,-13.0,5.0,72.0,77.0,-90.0,,92.0,2.0,28.0,,,-25.0,,,,6.0,-19.0,-19.0,,,,,24.0,,,,,,,,,,,,,,,,,,,,,,,,,,,,,,,,,,,,,,
20180209,MHXAP,MICHANIKI SA (PR),2017-12-01 00:00:00,15.0,28.0,-13.0,5.0,72.0,77.0,-90.0,,92.0,2.0,28.0,,,-25.0,,,,6.0,-19.0,-19.0,,,,,24.0,,,,,,,,,,,,,,,,,,,,,,,,,,,,,,,,,,,,,,
20180209,MIG,MARFIN INVESTMENT GROUP (CR),2012-12-01 00:00:00,1269.0,1037.0,232.0,355.0,1276.0,1632.0,-1400.0,,46.0,-1354.0,-28.0,,,-1326.0,-40.0,,,70.0,-1295.0,-1295.0,-1.68,-1.68,770.0,906.0,-1249.0,,,,,,,,,,,,,,,,,,,,,,,,,,,,,,,,,,,,,,
20180209,MIG,MARFIN INVESTMENT GROUP (CR),2013-12-01 00:00:00,1189.0,981.0,208.0,299.0,176.0,475.0,-267.0,,35.0,-231.0,25.0,,,-256.0,22.0,,,31.0,-203.0,-203.0,-0.26,-0.26,770.0,942.0,-142.0,,,,,,,,,,,,,,,,,,,,,,,,,,,,,,,,,,,,,,
20180209,MIG,MARFIN INVESTMENT GROUP (CR),2014-12-01 00:00:00,1211.0,955.0,255.0,295.0,183.0,478.0,-223.0,,37.0,-185.0,-7.0,,,-179.0,-5.0,,,11.0,-173.0,-152.0,-0.21,-0.21,818.0,1257.0,-95.0,,,,,,,,,,,,,,,,,,,,,-20.0,,,,,,,,,,,,,,,,,
20180209,MIG,MARFIN INVESTMENT GROUP (CR),2015-12-01 00:00:00,1143.0,817.0,326.0,285.0,192.0,477.0,-151.0,106.0,137.0,-120.0,6.0,,,-126.0,7.0,,,6.0,-113.0,-113.0,-0.12,-0.12,937.0,1458.0,-14.0,,,,,,,,,,,,,,,,,,,,,,,,,,,,,,,,,,,,,,
20180209,MIG,MARFIN INVESTMENT GROUP (CR),2016-12-01 00:00:00,1104.0,795.0,309.0,271.0,16.0,286.0,23.0,108.0,-1.0,-86.0,-3.0,,,-83.0,-0.0,,,-2.0,-85.0,-85.0,-0.09,-0.09,939.0,1456.0,22.0,,,,,,,,,,,,,,,,,,,,,,,,,,,,,,,,,,,,,,
20180209,MIG,MARFIN INVESTMENT GROUP (CR),2017-12-01 00:00:00,1099.0,824.0,275.0,264.0,3.0,267.0,8.0,110.0,3.0,-99.0,-1.0,,,-98.0,0.0,,,-1.0,-99.0,-99.0,-0.1,-0.1,940.0,1456.0,11.0,,,,,,,,,,,,,,,,,,,,,,,,,,,,,,,,,,,,,,
20180209,MINOA,MINOAN LINES SA (CR),2012-12-01 00:00:00,153.0,154.0,-1.0,20.0,2.0,21.0,-22.0,,-9.0,-31.0,-0.0,,,-31.0,,,,,-31.0,-31.0,-0.44,-0.44,71.0,71.0,-7.0,,,,,,,,,,,,,,,,,,,,,,,,,,,,,,,,,,,,,,
20180209,MINOA,MINOAN LINES SA (CR),2013-12-01 00:00:00,162.0,140.0,21.0,21.0,9.0,29.0,-8.0,,-6.0,-15.0,0.0,,,-15.0,,,,,-15.0,-15.0,-0.2,-0.2,74.0,74.0,9.0,,,,,,,,,,,,,,,,,,,,,,,,,,,,,,,,,,,,,,
20180209,MINOA,MINOAN LINES SA (CR),2014-12-01 00:00:00,168.0,144.0,24.0,20.0,5.0,25.0,-0.0,,1.0,0.0,0.0,,,0.0,,,,,0.0,0.0,0.0,0.0,104.0,104.0,16.0,,,,,,,,,,,,,,,,,,,,,,,,,,,,,,,,,,,,,,
20180209,MINOA,MINOAN LINES SA (CR),2015-12-01 00:00:00,172.0,126.0,47.0,22.0,7.0,29.0,18.0,2.0,2.0,18.0,0.0,,,18.0,,,,,18.0,18.0,0.17,0.17,107.0,107.0,36.0,,,,,,,,,,,,,,,,,,,,,,,,,,,,,,,,,,,,,,
20180209,MINOA,MINOAN LINES SA (CR),2016-12-01 00:00:00,160.0,112.0,48.0,26.0,-2.0,24.0,24.0,2.0,-0.0,22.0,1.0,,,21.0,,,,,21.0,21.0,0.19,0.19,107.0,107.0,37.0,,,,,,,,,,,,,,,,,,,,,,,,,,,,,,,,,,,,,,
20180209,MINOA,MINOAN LINES SA (CR),2017-12-01 00:00:00,166.0,117.0,49.0,27.0,1.0,28.0,21.0,1.0,-0.0,20.0,1.0,,,19.0,,,,-9.0,10.0,10.0,0.09,0.09,107.0,107.0,35.0,,,,,,,,,,,,,,,,,,,,,,,,,,,,,,,,,,,,,,
20180209,MLAND,MICROLAND COMPUTERS SA (CR),2012-12-01 00:00:00,,,,,,,,,,,,,,,,,,,,,,,,,,,,,,,,,,,,,,,,,,,,,,,,,,,,,,,,,,,,,,,
20180209,MLAND,MICROLAND COMPUTERS SA (CR),2013-12-01 00:00:00,,,,,,,,,,,,,,,,,,,,,,,,,,,,,,,,,,,,,,,,,,,,,,,,,,,,,,,,,,,,,,,
20180209,MLAND,MICROLAND COMPUTERS SA (CR),2014-12-01 00:00:00,,,,,,,,,,,,,,,,,,,,,,,,,,,,,,,,,,,,,,,,,,,,,,,,,,,,,,,,,,,,,,,
20180209,MLAND,MICROLAND COMPUTERS SA (CR),2015-12-01 00:00:00,,,,0.0,,0.0,-0.0,,0.0,0.0,,,,0.0,,,,,0.0,0.0,0.0,0.0,14.0,14.0,0.0,,,,,,,,,,,,,,,,,,,,,,,,,,,,,,,,,,,,,,
20180209,MLAND,MICROLAND COMPUTERS SA (CR),2016-12-01 00:00:00,,,,0.0,0.0,0.0,-0.0,,-0.0,-0.0,,,,-0.0,,,,,-0.0,-0.0,-0.0,-0.0,14.0,14.0,-0.0,,,,,,,,,,,,,,,,,,,,,,,,,,,,,,,,,,,,,,
20180209,MLAND,MICROLAND COMPUTERS SA (CR),2017-12-01 00:00:00,,,,0.0,0.0,0.0,-0.0,,-0.0,-0.0,,,,-0.0,,,,,-0.0,-0.0,-0.0,-0.0,14.0,14.0,-0.0,,,,,,,,,,,,,,,,,,,,,,,,,,,,,,,,,,,,,,
20180209,MOH,MOTOR OIL (CR),2012-12-01 00:00:00,9682.0,9326.0,356.0,234.0,,234.0,122.0,,-19.0,103.0,25.0,,,78.0,,,,-0.0,78.0,78.0,0.71,0.71,111.0,111.0,271.0,,,,,,,,,,,,,,,,,,,,,,,,,,,,,,,,,,,,,,
20180209,MOH,MOTOR OIL (CR),2013-12-01 00:00:00,9282.0,9038.0,245.0,220.0,,220.0,25.0,78.0,74.0,20.0,24.0,,,-5.0,,,,-0.0,-5.0,-5.0,-0.04,-0.04,111.0,111.0,192.0,,,,,,,,,,,,,,,,,,,,,,,,,,,,,,,,,,,,,,
20180209,MOH,MOTOR OIL (CR),2014-12-01 00:00:00,9050.0,8857.0,193.0,235.0,5.0,240.0,-46.0,75.0,13.0,-108.0,-25.0,,,-83.0,,,,-0.0,-83.0,-83.0,-0.75,-0.75,111.0,111.0,64.0,,,,,,,,,,,,,,,,,,,,,,,,,,,,,,,,,,,,,,
20180209,MOH,MOTOR OIL (CR),2015-12-01 00:00:00,7060.0,6425.0,635.0,265.0,0.0,265.0,370.0,88.0,21.0,303.0,98.0,,,205.0,,,,-0.0,205.0,205.0,1.85,1.85,111.0,111.0,491.0,,,,,,,,,,,,,,,,,,,,,,,,,,,,,,,,,,,,,,
20180209,MOH,MOTOR OIL (CR),2016-12-01 00:00:00,6357.0,5630.0,727.0,279.0,,279.0,448.0,80.0,61.0,429.0,131.0,,,298.0,,,,0.0,298.0,298.0,2.69,2.69,111.0,111.0,607.0,,,,,,,,,,,,,,,,,,,,,,,,,,,,,,,,,,,,,,
20180209,MOH,MOTOR OIL (CR),2017-12-01 00:00:00,7619.0,6799.0,820.0,294.0,19.0,313.0,507.0,83.0,48.0,472.0,141.0,,,331.0,,,,2.0,333.0,333.0,3.0,3.0,111.0,111.0,658.0,,,,,,,,,,,,,,,,,,,,,,,,,,,,,,,,,,,,,,
20180209,MYTIL,MYTILINEOS HOLDINGS (CR),2012-12-01 00:00:00,1454.0,1317.0,137.0,54.0,21.0,,,,,61.0,10.0,,,52.0,-0.0,,,-30.0,22.0,22.0,0.2,0.2,107.0,107.0,110.0,,,,,,,,,,,,,,,,,,,,,,,,,0.0,,,,,76.0,,,,,,,,
20180209,MYTIL,MYTILINEOS HOLDINGS (CR),2013-12-01 00:00:00,1403.0,1203.0,200.0,58.0,61.0,,,,,80.0,13.0,,,67.0,-0.0,,,-45.0,23.0,23.0,0.2,0.2,113.0,113.0,148.0,,,,,,,,,,,,,,,,,,,,,,,,,0.0,,,,,120.0,,,,,,,,
20180209,MYTIL,MYTILINEOS HOLDINGS (CR),2014-12-01 00:00:00,1233.0,992.0,241.0,64.0,39.0,,,,,136.0,23.0,,-0.0,114.0,-0.0,,,-49.0,65.0,65.0,0.56,0.56,117.0,117.0,196.0,,,,,,,,,,,,,,,,,,,,,,,,,1.0,,,,,105.0,,,,,,,,
20180209,MYTIL,MYTILINEOS HOLDINGS (CR),2015-12-01 00:00:00,1383.0,1156.0,227.0,64.0,9.0,,,,,109.0,28.0,,,80.0,-5.0,,,-28.0,48.0,48.0,0.41,0.41,117.0,117.0,214.0,,,,,,,,,,,,,,,,,,,,,,,,,0.0,,,,,118.0,,,,,,,,
20180209,MYTIL,MYTILINEOS HOLDINGS (CR),2016-12-01 00:00:00,1246.0,1046.0,200.0,76.0,-4.0,,,,,85.0,21.0,,,64.0,-3.0,,,-27.0,34.0,34.0,0.29,0.29,117.0,117.0,202.0,,,,,,,,,,,,,,,,,,,,,,,,,0.0,,,,,115.0,,,,,,,,
20180209,MYTIL,MYTILINEOS HOLDINGS (CR),2017-12-01 00:00:00,1422.0,1129.0,292.0,86.0,21.0,,,,,144.0,23.0,,,122.0,-3.0,,,-16.0,102.0,102.0,0.75,0.75,130.0,143.0,259.0,,,,,,,,,,,,,,,,,,,,,,,,,0.0,,,,,148.0,,,,,,,,
20180209,NEWS,NEWSPHONE HELLAS SA (CR),2012-12-01 00:00:00,48.0,28.0,20.0,17.0,2.0,19.0,1.0,,0.0,1.0,1.0,,-0.0,0.0,,,,0.0,0.0,0.0,0.01,0.01,28.0,28.0,3.0,,,,,,,,,,,,,,,,,,,,,,,,,1.0,,,,,,,,,,,,,
20180209,NEWS,NEWSPHONE HELLAS SA (CR),2013-12-01 00:00:00,36.0,17.0,19.0,15.0,2.0,17.0,2.0,1.0,1.0,2.0,2.0,,,1.0,,,,-0.0,0.0,0.0,0.02,0.02,28.0,28.0,5.0,,,,,,,,,,,,,,,,,,,,,,,,,0.0,,,,,,,,,,,,,
20180209,NEWS,NEWSPHONE HELLAS SA (CR),2014-12-01 00:00:00,29.0,13.0,16.0,12.0,1.0,14.0,2.0,,0.0,2.0,1.0,,,1.0,,,,0.0,1.0,1.0,0.04,0.04,28.0,28.0,3.0,,,,,,,,,,,,,,,,,,,,,,,,,1.0,,,,,,,,,,,,,
20180209,NEWS,NEWSPHONE HELLAS SA (CR),2015-12-01 00:00:00,26.0,12.0,14.0,11.0,1.0,12.0,1.0,0.0,1.0,2.0,1.0,,,1.0,,,,-0.0,1.0,1.0,0.03,0.03,28.0,28.0,3.0,,,,,,,,,,,,,,,,,,,,,,,,,0.0,,,,,,,,,,,,,
20180209,NEWS,NEWSPHONE HELLAS SA (CR),2016-12-01 00:00:00,23.0,11.0,12.0,11.0,-0.0,11.0,1.0,0.0,-2.0,-1.0,0.0,,-0.0,-1.0,,,,-0.0,-1.0,-1.0,-0.05,-0.05,28.0,28.0,0.0,,,,,,,,,,,,,,,,,,,,,,,,,0.0,,,,,,,,,,,,,
20180209,NEWS,NEWSPHONE HELLAS SA (CR),2017-12-01 00:00:00,22.0,10.0,12.0,11.0,-0.0,11.0,1.0,,-2.0,-1.0,0.0,,-0.0,-1.0,,,,-0.0,-1.0,-1.0,-0.05,-0.05,28.0,28.0,0.0,,,,,,,,,,,,,,,,,,,,,,,,,0.0,,,,,,,,,,,,,
20180209,OLTH,TPA SA (CR),2012-12-01 00:00:00,53.0,30.0,23.0,4.0,2.0,6.0,17.0,,6.0,23.0,5.0,,-0.0,18.0,,,,,18.0,18.0,1.83,1.83,10.0,10.0,21.0,,,,,,,,,,,,,,,,,,,,,,,,,,,,,,,,,,,,,,
20180209,OLTH,TPA SA (CR),2013-12-01 00:00:00,52.0,29.0,23.0,4.0,1.0,5.0,18.0,,6.0,24.0,6.0,,-0.0,18.0,,,,,18.0,18.0,1.8,1.8,10.0,10.0,24.0,,,,,,,,,,,,,,,,,,,,,,,,,,,,,,,,,,,,,,
20180209,OLTH,TPA SA (CR),2014-12-01 00:00:00,56.0,28.0,28.0,3.0,-2.0,1.0,27.0,,1.0,28.0,7.0,,-0.0,21.0,,,,,21.0,21.0,2.11,2.11,10.0,10.0,32.0,,,,,,,,,,,,,,,,,,,,,,,,,,,,,,,,,,,,,,
20180209,OLTH,TPA SA (CR),2015-12-01 00:00:00,51.0,27.0,24.0,4.0,-2.0,2.0,22.0,0.0,3.0,25.0,7.0,,-0.0,18.0,,,,,18.0,18.0,1.78,1.78,10.0,10.0,28.0,,,,,,,,,,,,,,,,,,,,,,,,,,,,,,,,,,,,,,
20180209,OLTH,TPA SA (CR),2016-12-01 00:00:00,48.0,26.0,22.0,5.0,0.0,5.0,17.0,,4.0,21.0,7.0,,,14.0,,,,,14.0,14.0,1.4,1.4,10.0,10.0,24.0,,,,,,,,,,,,,,,,,,,,,,,,,,,,,,,,,,,,,,
20180209,OLTH,TPA SA (CR),2017-12-01 00:00:00,55.0,27.0,28.0,5.0,1.0,6.0,22.0,,4.0,26.0,8.0,,,18.0,,,,,18.0,18.0,1.82,1.82,10.0,10.0,29.0,,,,,,,,,,,,,,,,,,,,,,,,,,,,,,,,,,,,,,
20180209,OLYMP,TECHNICAL OLYMPIC SA (CR),2012-12-01 00:00:00,28.0,43.0,-14.0,8.0,14.0,22.0,-36.0,,1.0,-35.0,-6.0,,,-30.0,,,,6.0,-23.0,-23.0,-0.7,-0.7,33.0,33.0,-13.0,,,,,,,,,,,,,,,,,,,,,,,,,,,,,,,,,,,,,,
20180209,OLYMP,TECHNICAL OLYMPIC SA (CR),2013-12-01 00:00:00,42.0,51.0,-9.0,5.0,19.0,24.0,-33.0,,4.0,-30.0,-4.0,,,-25.0,,,,8.0,-17.0,-17.0,-0.52,-0.52,33.0,33.0,-14.0,,,,,,,,,,,,,,,,,,,,,,,,,,,,,,,,,,,,,,
20180209,OLYMP,TECHNICAL OLYMPIC SA (CR),2014-12-01 00:00:00,70.0,70.0,0.0,5.0,10.0,15.0,-15.0,,5.0,-9.0,1.0,,,-10.0,,,,4.0,-6.0,-6.0,-0.2,-0.2,33.0,33.0,5.0,,,,,,,,,,,,,,,,,,,,,,,,,,,,,,,,,,,,,,
20180209,OLYMP,TECHNICAL OLYMPIC SA (CR),2015-12-01 00:00:00,42.0,50.0,-8.0,6.0,3.0,9.0,-17.0,1.0,5.0,-13.0,0.0,,,-14.0,,,,1.0,-12.0,-12.0,-0.34,-0.34,37.0,37.0,1.0,,,,,,,,,,,,,,,,,,,,,,,,,,,,,,,,,,,,,,
20180209,OLYMP,TECHNICAL OLYMPIC SA (CR),2016-12-01 00:00:00,29.0,31.0,-2.0,6.0,1.0,7.0,-9.0,2.0,2.0,-9.0,-0.0,,,-8.0,,,,1.0,-7.0,-7.0,-0.2,-0.2,37.0,37.0,2.0,,,,,,,,,,,,,,,,,,,,,,,,,,,,,,,,,,,,,,
20180209,OLYMP,TECHNICAL OLYMPIC SA (CR),2017-12-01 00:00:00,25.0,33.0,-8.0,7.0,-0.0,6.0,-15.0,2.0,2.0,-15.0,-3.0,,,-12.0,,,,1.0,-10.0,-10.0,-0.27,-0.27,37.0,41.0,-4.0,,,,,,,,,,,,,,,,,,,,,,,,,,,,,,,,,,,,,,
20180209,OPAP,OPAP (CR),2012-12-01 00:00:00,1302.0,529.0,773.0,140.0,10.0,150.0,623.0,,15.0,638.0,133.0,,,505.0,,,,,505.0,505.0,1.58,1.58,319.0,319.0,674.0,,,,,,,,,,,,,,,,,,,,,,,,,,,,,,,,,,,,,,
20180209,OPAP,OPAP (CR),2013-12-01 00:00:00,875.0,528.0,346.0,135.0,36.0,171.0,175.0,,13.0,188.0,47.0,,,141.0,,,,,141.0,141.0,0.44,0.44,319.0,319.0,222.0,,,,,,,,,,,,,,,,,,,,,,,,,,,,,,,,,,,,,,
20180209,OPAP,OPAP (CR),2014-12-01 00:00:00,1002.0,578.0,424.0,130.0,5.0,135.0,289.0,,17.0,306.0,106.0,,,199.0,,,,-4.0,195.0,195.0,0.61,0.61,319.0,319.0,347.0,,,,,,,,,,,,,,,,,,,,,,,,,,,,,,,,,,,,,,
20180209,OPAP,OPAP (CR),2015-12-01 00:00:00,733.0,,733.0,69.0,382.0,451.0,282.0,5.0,23.0,300.0,90.0,,,210.0,,,,1.0,211.0,211.0,0.66,0.66,319.0,319.0,379.0,,,,,,,,,,,,,,,,,,,,,,,,,,,,,,,,,,,,,,
20180209,OPAP,OPAP (CR),2016-12-01 00:00:00,573.0,,573.0,85.0,348.0,432.0,141.0,16.0,112.0,237.0,64.0,,,173.0,,,,-3.0,170.0,170.0,0.53,0.53,319.0,319.0,311.0,,,,,,,,,,,,,,,,,,,,,,,,,,,,,,,,,,,,,,
20180209,OPAP,OPAP (CR),2017-12-01 00:00:00,598.0,,598.0,92.0,354.0,446.0,152.0,21.0,99.0,230.0,63.0,,,167.0,,,,-2.0,164.0,164.0,0.52,0.52,318.0,318.0,309.0,,,,,,,,,,,,,,,,,,,,,,,,,,,,,,,,,,,,,,
20180209,PANGAEA,NBG PANGAEA (CR),2012-12-01 00:00:00,70.0,,,0.0,,,16.0,,,22.0,2.0,,,20.0,,,,,20.0,20.0,0.13,0.13,148.0,148.0,16.0,,,,,,,,6.0,,,,,54.0,,,,,,,,,,,,,,,,,,54.0,,,,,,,
20180209,PANGAEA,NBG PANGAEA (CR),2013-12-01 00:00:00,79.0,,,0.0,,,-25.0,,-4.0,-24.0,2.0,,,-26.0,,,,,-26.0,-26.0,-0.17,-0.17,148.0,148.0,-25.0,,,,,,,,6.0,,,,,105.0,,,,,,,,,,,,,,,,,,105.0,,,,,,,
20180209,PANGAEA,NBG PANGAEA (CR),2014-12-01 00:00:00,93.0,,,0.0,,,187.0,,-11.0,179.0,1.0,,,178.0,,,,-0.0,178.0,178.0,0.95,0.95,186.0,186.0,187.0,,,,,,,,3.0,,,,,-94.0,,,,,,,,,,,,,,,,,,-94.0,,,,,,,
20180209,PANGAEA,NBG PANGAEA (CR),2015-12-01 00:00:00,111.0,,,0.0,,,65.0,,-21.0,44.0,1.0,,,43.0,,,,0.0,43.0,43.0,0.17,0.17,255.0,255.0,65.0,,,,,,,,0.0,,,,,46.0,,,,,,,,,,,,,,,,,,46.0,,,,,,,
20180209,PANGAEA,NBG PANGAEA (CR),2016-12-01 00:00:00,115.0,,,0.0,,,81.0,,-21.0,60.0,7.0,,,53.0,,,,,53.0,53.0,0.2,0.2,255.0,255.0,81.0,,,,,,,,0.0,,,,,34.0,,,,,,,,,,,,,,,,,,34.0,,,,,,,
20180209,PANGAEA,NBG PANGAEA (CR),2017-12-01 00:00:00,117.0,,,0.0,,,106.0,,-22.0,85.0,11.0,,,74.0,,,,,74.0,74.0,0.28,0.28,255.0,255.0,106.0,,,,,,,,0.0,,,,,11.0,,,,,,,,,,,,,,,,,,11.0,,,,,,,
20180209,PERS,PERSEUS SA (CR),2012-12-01 00:00:00,47.0,42.0,6.0,2.0,0.0,3.0,3.0,,-2.0,0.0,0.0,,,0.0,,,,,0.0,0.0,0.0,0.0,17.0,17.0,4.0,,,,,,,,,,,,,,,,,,,,,,,,,,,,,,,,,,,,,,
20180209,PERS,PERSEUS SA (CR),2013-12-01 00:00:00,68.0,58.0,10.0,3.0,3.0,6.0,4.0,,-2.0,2.0,1.0,,-0.0,1.0,,,,,1.0,1.0,0.05,0.05,17.0,17.0,5.0,,,,,,,,,,,,,,,,,,,,,,,,,,,,,,,,,,,,,,
20180209,PERS,PERSEUS SA (CR),2014-12-01 00:00:00,61.0,51.0,11.0,4.0,2.0,5.0,5.0,,-2.0,3.0,1.0,,,2.0,,,,,2.0,2.0,0.14,0.14,17.0,17.0,6.0,,,,,,,,,,,,,,,,,,,,,,,,,,,,,,,,,,,,,,
20180209,PERS,PERSEUS SA (CR),2015-12-01 00:00:00,57.0,48.0,9.0,3.0,1.0,4.0,6.0,2.0,0.0,4.0,1.0,,,2.0,,,,,2.0,2.0,0.14,0.14,17.0,17.0,7.0,,,,,,,,,,,,,,,,,,,,,,,,,,,,,,,,,,,,,,
20180209,PERS,PERSEUS SA (CR),2016-12-01 00:00:00,47.0,41.0,7.0,4.0,0.0,4.0,3.0,2.0,0.0,1.0,0.0,,-0.0,1.0,,,,,1.0,1.0,0.03,0.03,17.0,17.0,4.0,,,,,,,,,,,,,,,,,,,,,,,,,,,,,,,,,,,,,,
20180209,PERS,PERSEUS SA (CR),2017-12-01 00:00:00,47.0,41.0,6.0,4.0,0.0,4.0,2.0,2.0,0.0,1.0,1.0,,-0.0,0.0,,,,,0.0,0.0,0.02,0.02,17.0,17.0,3.0,,,,,,,,,,,,,,,,,,,,,,,,,,,,,,,,,,,,,,
20180209,PETRO,PETROPOULOS PETROS (CR),2012-12-01 00:00:00,50.0,41.0,10.0,12.0,0.0,12.0,-3.0,,0.0,-3.0,-0.0,,,-2.0,,,,-7.0,-6.0,-6.0,-0.8,-0.8,7.0,7.0,-1.0,,,,,-3.0,,,,,,,,,,,,,,,,,,,,,,,,,,,,,,,,,
20180209,PETRO,PETROPOULOS PETROS (CR),2013-12-01 00:00:00,55.0,45.0,10.0,9.0,0.0,10.0,1.0,,-0.0,1.0,0.0,,,1.0,,,,,1.0,1.0,0.09,0.09,7.0,7.0,3.0,,,,,,,,,,,,,,,,,,,,,,,,,,,,,,,,,,,,,,
20180209,PETRO,PETROPOULOS PETROS (CR),2014-12-01 00:00:00,66.0,54.0,13.0,11.0,2.0,12.0,0.0,,2.0,2.0,0.0,,-0.0,1.0,,,,,1.0,1.0,0.21,0.21,7.0,7.0,3.0,,,,,,,,,,,,,,,,,,,,,,,,,,,,,,,,,,,,,,
20180209,PETRO,PETROPOULOS PETROS (CR),2015-12-01 00:00:00,80.0,65.0,15.0,11.0,4.0,15.0,-1.0,1.0,3.0,1.0,1.0,,-0.0,1.0,,,,,1.0,1.0,0.08,0.08,7.0,7.0,3.0,,,,,,,,,,,,,,,,,,,,,,,,,,,,,,,,,,,,,,
20180209,PETRO,PETROPOULOS PETROS (CR),2016-12-01 00:00:00,93.0,78.0,16.0,12.0,2.0,13.0,2.0,1.0,1.0,2.0,1.0,,,1.0,,,,,1.0,1.0,0.19,0.19,7.0,7.0,5.0,,,,,,,,,,,,,,,,,,,,,,,,,,,,,,,,,,,,,,
20180209,PETRO,PETROPOULOS PETROS (CR),2017-12-01 00:00:00,76.0,,76.0,,,,76.0,,-74.0,2.0,1.0,,,1.0,,,,,1.0,1.0,0.08,0.08,7.0,,,,,,,,,,,,,,,,,,,,,,,,,,,,,,,,,,,,,,,,
20180209,PLAIS,PLAISIO COMPUTERS SA (CR),2012-12-01 00:00:00,287.0,222.0,64.0,51.0,1.0,51.0,13.0,,-0.0,13.0,3.0,,,10.0,,,,,10.0,10.0,0.46,0.46,22.0,22.0,17.0,,,,,,,,,,,,,,,,,,,,,,,,,,,,,,,,,,,,,,
20180209,PLAIS,PLAISIO COMPUTERS SA (CR),2013-12-01 00:00:00,283.0,214.0,69.0,48.0,,48.0,20.0,,-1.0,19.0,5.0,,,14.0,,,,,14.0,14.0,0.65,0.65,22.0,22.0,23.0,,,,,,,,,,,,,,,,,,,,,,,,,,,,,,,,,,,,,,
20180209,PLAIS,PLAISIO COMPUTERS SA (CR),2014-12-01 00:00:00,298.0,224.0,73.0,54.0,,54.0,19.0,,3.0,22.0,6.0,,,16.0,,,,,16.0,16.0,0.73,0.73,22.0,22.0,26.0,,,,,,,,,,,,,,,,,,,,,,,,,,,,,,,,,,,,,,
20180209,PLAIS,PLAISIO COMPUTERS SA (CR),2015-12-01 00:00:00,272.0,211.0,61.0,54.0,,54.0,7.0,,2.0,9.0,3.0,,,7.0,,,,,7.0,7.0,0.31,0.31,22.0,22.0,12.0,,,,,,,,,,,,,,,,,,,,,,,,,,,,,,,,,,,,,,
20180209,PLAIS,PLAISIO COMPUTERS SA (CR),2016-12-01 00:00:00,283.0,223.0,60.0,54.0,,54.0,7.0,,-0.0,7.0,2.0,,,4.0,,,,,4.0,4.0,0.2,0.2,22.0,22.0,10.0,,,,,,,,,,,,,,,,,,,,,,,,,,,,,,,,,,,,,,
20180209,PLAIS,PLAISIO COMPUTERS SA (CR),2017-12-01 00:00:00,279.0,219.0,60.0,52.0,0.0,53.0,7.0,,-1.0,6.0,2.0,,,4.0,,,,,4.0,4.0,0.19,0.19,22.0,22.0,10.0,,,,,,,,,,,,,,,,,,,,,,,,,,,,,,,,,,,,,,
20180209,PLAKR,CRETE PLASTICS SA (CR),2012-12-01 00:00:00,209.0,165.0,44.0,21.0,4.0,26.0,18.0,0.0,3.0,21.0,4.0,,,17.0,,,,-1.0,15.0,15.0,0.56,0.56,27.0,27.0,27.0,,,,,,,,,,,,,,,,,,,,,,,,,,,,,,,,,,,,,,
20180209,PLAKR,CRETE PLASTICS SA (CR),2013-12-01 00:00:00,228.0,182.0,46.0,9.0,18.0,27.0,20.0,0.0,-0.0,19.0,6.0,,,14.0,,,,-1.0,13.0,13.0,0.47,0.47,27.0,27.0,26.0,,,,,,,,,,,,,,,,,,,,,,,,,,,,,,,,,,,,,,
20180209,PLAKR,CRETE PLASTICS SA (CR),2014-12-01 00:00:00,236.0,188.0,48.0,22.0,3.0,25.0,23.0,,-1.0,22.0,6.0,,,16.0,,,,-1.0,14.0,14.0,0.52,0.52,27.0,27.0,32.0,,,,,,,,,,,,,,,,,,,,,,,,,,,,,,,,,,,,,,
20180209,PLAKR,CRETE PLASTICS SA (CR),2015-12-01 00:00:00,257.0,201.0,56.0,24.0,3.0,27.0,29.0,1.0,-2.0,27.0,8.0,,,19.0,,,,-2.0,16.0,16.0,0.6,0.6,27.0,27.0,34.0,,,,,,,,,,,,,,,,,,,,,,,,,,,,,,,,,,,,,,
20180209,PLAKR,CRETE PLASTICS SA (CR),2016-12-01 00:00:00,275.0,210.0,64.0,24.0,4.0,28.0,37.0,1.0,4.0,40.0,11.0,,,29.0,,,,-3.0,26.0,26.0,0.97,0.97,27.0,27.0,48.0,,,,,,,,,,,,,,,,,,,,,,,,,1.0,,,,,,,,,,,,,
20180209,PLAKR,CRETE PLASTICS SA (CR),2017-12-01 00:00:00,286.0,219.0,67.0,24.0,4.0,29.0,38.0,,0.0,39.0,10.0,,,28.0,,,,-2.0,26.0,26.0,0.94,0.94,27.0,27.0,50.0,,,,,,,,,,,,,,,,,,,,,,,,,,,,,,,,,,,,,,
20180209,PLAT,THRACE PLASTICS SA (CR),2012-12-01 00:00:00,,,,,,,,,,,,,,,,,,,,,,,,,,,,,,,,,,,,,,,,,,,,,,,,,,,,,,,,,,,,,,,
20180209,PLAT,THRACE PLASTICS SA (CR),2013-12-01 00:00:00,,,,,,,,,,,,,,,,,,,,,,,,,,,,,,,,,,,,,,,,,,,,,,,,,,,,,,,,,,,,,,,
20180209,PLAT,THRACE PLASTICS SA (CR),2014-12-01 00:00:00,,,,,,,,,,,,,,,,,,,,,,,,,,,,,,,,,,,,,,,,,,,,,,,,,,,,,,,,,,,,,,,
20180209,PLAT,THRACE PLASTICS SA (CR),2015-12-01 00:00:00,289.0,230.0,59.0,43.0,0.0,43.0,16.0,5.0,2.0,13.0,3.0,,,10.0,,,,-0.0,10.0,10.0,0.22,0.22,44.0,44.0,28.0,,,,,,,,,,,,,,,,,,,,,,,,,,,,,,,,,,,,,,
20180209,PLAT,THRACE PLASTICS SA (CR),2016-12-01 00:00:00,292.0,225.0,66.0,44.0,1.0,45.0,21.0,5.0,3.0,18.0,5.0,,,14.0,,,,-0.0,13.0,13.0,0.3,0.3,44.0,44.0,36.0,,,,,,,,,,,,,,,,,,,,,,,,,,,,,,,,,,,,,,
20180209,PLAT,THRACE PLASTICS SA (CR),2017-12-01 00:00:00,310.0,244.0,65.0,47.0,2.0,49.0,16.0,5.0,2.0,13.0,4.0,,,9.0,,,,-0.0,8.0,8.0,0.19,0.19,44.0,44.0,31.0,,,,,,,,,,,,,,,,,,,,,,,,,,,,,,,,,,,,,,
20180209,PROF,PROFILE SA (CR),2012-12-01 00:00:00,10.0,6.0,4.0,3.0,0.0,4.0,0.0,,0.0,1.0,0.0,,,1.0,,,,0.0,1.0,1.0,0.05,0.05,12.0,12.0,3.0,,,,,,,,,,,,,,,,,,,,,,,,,1.0,,,,,,,,,,,,,
20180209,PROF,PROFILE SA (CR),2013-12-01 00:00:00,9.0,5.0,4.0,3.0,0.0,3.0,0.0,,0.0,1.0,0.0,,,1.0,,,,0.0,1.0,1.0,0.05,0.05,12.0,12.0,3.0,,,,,,,,,,,,,,,,,,,,,,,,,1.0,,,,,,,,,,,,,
20180209,PROF,PROFILE SA (CR),2014-12-01 00:00:00,10.0,6.0,4.0,3.0,0.0,4.0,0.0,,1.0,1.0,0.0,,,1.0,,,,-0.0,1.0,1.0,0.07,0.07,12.0,12.0,3.0,,,,,,,,,,,,,,,,,,,,,,,,,1.0,,,,,,,,,,,,,
20180209,PROF,PROFILE SA (CR),2015-12-01 00:00:00,9.0,5.0,4.0,3.0,0.0,4.0,0.0,,1.0,1.0,0.0,,,1.0,,,,0.0,1.0,1.0,0.08,0.08,12.0,12.0,3.0,,,,,,,,,,,,,,,,,,,,,,,,,1.0,,,,,,,,,,,,,
20180209,PROF,PROFILE SA (CR),2016-12-01 00:00:00,9.0,5.0,4.0,1.0,2.0,3.0,1.0,,-0.0,1.0,-0.0,,,1.0,,,,-0.0,1.0,1.0,0.05,0.05,12.0,12.0,3.0,,,,,,,,,,,,,,,,,,,,,,,,,,,,,,,,,,,,,,
20180209,PROF,PROFILE SA (CR),2017-12-01 00:00:00,9.0,5.0,5.0,1.0,3.0,4.0,1.0,,-0.0,1.0,0.0,,,1.0,,,,-0.0,0.0,0.0,0.04,0.04,12.0,12.0,3.0,,,,,,,,,,,,,,,,,,,,,,,,,,,,,,,,,,,,,,
20180209,QUEST,QUEST HOLDINGS (CR),2012-12-01 00:00:00,283.0,234.0,49.0,45.0,1.0,47.0,2.0,2.0,1.0,1.0,7.0,,,-6.0,,,,0.0,-6.0,-6.0,-0.12,-0.12,48.0,48.0,8.0,,,,,,,,,,,,,,,,,,,,,,,,,,,,,,,,,,,,,,
20180209,QUEST,QUEST HOLDINGS (CR),2013-12-01 00:00:00,295.0,243.0,51.0,44.0,4.0,48.0,3.0,,-1.0,2.0,4.0,,,-3.0,,,,1.0,-2.0,-2.0,-0.18,-0.18,12.0,12.0,8.0,,,,,,,,,,,,,,,,,,,,,,,,,,,,,,,,,,,,,,
20180209,QUEST,QUEST HOLDINGS (CR),2014-12-01 00:00:00,315.0,261.0,54.0,41.0,8.0,49.0,5.0,,-1.0,4.0,2.0,,,2.0,,,,1.0,3.0,3.0,0.25,0.25,12.0,12.0,12.0,,,,,,,,,,,,,,,,,,,,,,,,,,,,,,,,,,,,,,
20180209,QUEST,QUEST HOLDINGS (CR),2015-12-01 00:00:00,353.0,297.0,56.0,44.0,8.0,52.0,4.0,3.0,0.0,2.0,3.0,,,-1.0,,,,-1.0,-1.0,-1.0,-0.12,-0.12,12.0,12.0,13.0,,,,,,,,,,,,,,,,,,,,,,,,,,,,,,,,,,,,,,
20180209,QUEST,QUEST HOLDINGS (CR),2016-12-01 00:00:00,388.0,324.0,64.0,45.0,0.0,45.0,19.0,3.0,1.0,17.0,11.0,,,6.0,,,,-4.0,2.0,2.0,0.2,0.2,12.0,12.0,31.0,,,,,,,,,,,,,,,,,,,,,,,,,,,,,,,,,,,,,,
20180209,QUEST,QUEST HOLDINGS (CR),2017-12-01 00:00:00,417.0,346.0,71.0,47.0,7.0,54.0,17.0,3.0,1.0,15.0,13.0,,,2.0,,,,-2.0,-0.0,-0.0,-0.01,-0.01,12.0,12.0,29.0,,,,,,,,,,,,,,,,,,,,,,,,,,,,,,,,,,,,,,
20180209,SAR,GR. SARANTIS SA (CR),2012-12-01 00:00:00,236.0,124.0,112.0,100.0,,100.0,13.0,,3.0,15.0,3.0,,-0.0,12.0,,,,,12.0,12.0,0.35,0.35,35.0,35.0,21.0,,,,,,,,,,,,,,,,,,,,,,,,,,,,,,,,,,,,,,
20180209,SAR,GR. SARANTIS SA (CR),2013-12-01 00:00:00,237.0,120.0,117.0,103.0,,103.0,14.0,,6.0,20.0,4.0,,,16.0,-7.0,,,,8.0,8.0,0.24,0.24,35.0,35.0,23.0,,,,,,,,,,,,,,,,,,,,,,,,,,,,,,,,,,,,,,
20180209,SAR,GR. SARANTIS SA (CR),2014-12-01 00:00:00,248.0,128.0,121.0,105.0,,105.0,15.0,,6.0,21.0,4.0,,,17.0,,,,,17.0,17.0,0.49,0.49,35.0,35.0,26.0,,,,,,,,,,,,,,,,,,,,,,,,,,,,,,,,,,,,,,
20180209,SAR,GR. SARANTIS SA (CR),2015-12-01 00:00:00,279.0,146.0,132.0,114.0,,114.0,18.0,,6.0,24.0,4.0,,-0.0,20.0,-1.0,,,,19.0,19.0,0.53,0.53,35.0,35.0,30.0,,,,,,,,,,,,,,,,,,,,,,,,,,,,,,,,,,,,,,
20180209,SAR,GR. SARANTIS SA (CR),2016-12-01 00:00:00,329.0,176.0,153.0,133.0,,133.0,20.0,,9.0,29.0,4.0,,,25.0,-5.0,,,-0.0,19.0,19.0,0.55,0.55,35.0,35.0,36.0,,,,,,,,,,,,,,,,,,,,,,,,,,,,,,,,,,,,,,
20180209,SAR,GR. SARANTIS SA (CR),2017-12-01 00:00:00,337.0,180.0,158.0,138.0,,138.0,20.0,,14.0,34.0,4.0,,,30.0,,,,-3.0,27.0,27.0,0.76,0.76,35.0,35.0,37.0,,,,,,,,,,,,,,,,,,,,,,,,,,,,,,,,,,,,,,
20180209,SPACE,SPACE HELLAS SA (CR),2012-12-01 00:00:00,48.0,34.0,14.0,10.0,1.0,12.0,3.0,3.0,1.0,0.0,0.0,,,0.0,,,,0.0,0.0,0.0,0.05,0.05,6.0,6.0,5.0,,,,,,,,,,,,,,,,,,,,,,,,,1.0,,,,,,,,,,,,,
20180209,SPACE,SPACE HELLAS SA (CR),2013-12-01 00:00:00,41.0,28.0,13.0,10.0,4.0,15.0,-1.0,,2.0,1.0,1.0,,,0.0,,,,0.0,0.0,0.0,0.01,0.01,6.0,6.0,2.0,,,,,,,,,,,,,,,,,,,,,,,,,0.0,,,,,,,,,,,,,
20180209,SPACE,SPACE HELLAS SA (CR),2014-12-01 00:00:00,43.0,31.0,12.0,9.0,4.0,13.0,-1.0,,1.0,0.0,-0.0,,,1.0,,,,0.0,1.0,1.0,0.12,0.12,6.0,6.0,2.0,,,,,,,,,,,,,,,,,,,,,,,,,0.0,,,,,,,,,,,,,
20180209,SPACE,SPACE HELLAS SA (CR),2015-12-01 00:00:00,55.0,42.0,13.0,10.0,4.0,14.0,-1.0,2.0,4.0,1.0,-0.0,,,1.0,,,,0.0,1.0,1.0,0.12,0.12,6.0,6.0,4.0,,,,,,,,,,,,,,,,,,,,,,,,,0.0,,,,,,,,,,,,,
20180209,SPACE,SPACE HELLAS SA (CR),2016-12-01 00:00:00,48.0,35.0,13.0,10.0,1.0,11.0,2.0,,-1.0,1.0,1.0,,,1.0,,,,,1.0,1.0,0.14,0.14,6.0,6.0,4.0,,,,,,,,,,,,,,,,,,,,,,,,,0.0,,,,,,,,,,,,,
20180209,SPACE,SPACE HELLAS SA (CR),2017-12-01 00:00:00,48.0,36.0,12.0,10.0,0.0,10.0,2.0,,-0.0,2.0,1.0,,,1.0,,,,,1.0,1.0,0.16,0.16,6.0,6.0,4.0,,,,,,,,,,,,,,,,,,,,,,,,,0.0,,,,,,,,,,,,,
20180209,TATT,ATTICA BANK S.A. (CR),2012-12-01 00:00:00,,,,,,,,,-255.0,,,,1.0,,,,,,-182.0,-182.0,-106.64,-106.64,2.0,2.0,,19.0,,,,,63.0,,,,,42.0,,,,,174.0,-181.0,143.0,,,,,-10.0,,,,0.0,38.0,,,,174.0,216.0,63.0,,,,
20180209,TATT,ATTICA BANK S.A. (CR),2013-12-01 00:00:00,,,,,,,,,-14.0,,,,-214.0,,,,,,-112.0,-112.0,-2.98,-2.98,40.0,40.0,,20.0,,,,,-140.0,,,,,46.0,,,,,144.0,-45.0,,,,,,-41.0,,,,8.0,45.0,,,,144.0,191.0,-140.0,,,,
20180209,TATT,ATTICA BANK S.A. (CR),2014-12-01 00:00:00,,,,,,,,,11.0,,,,-219.0,,,,,,-50.0,-50.0,-0.84,-0.84,69.0,69.0,,20.0,,,,,-101.0,,,,,90.0,,,,,105.0,-45.0,,,,,,-40.0,,,,8.0,45.0,,,,105.0,195.0,-101.0,,,,
20180209,TATT,ATTICA BANK S.A. (CR),2015-12-01 00:00:00,,,,,,,,,541.0,,,,-1243.0,,,,,,-347.0,-356.0,-0.29,-0.29,1235.0,1235.0,,16.0,,,,,-1146.0,,,,,90.0,,,,,73.0,0.0,-0.0,,,9.0,,-258.0,,,,-10.0,,,,,73.0,163.0,-1146.0,,,,
20180209,TATT,ATTICA BANK S.A. (CR),2016-12-01 00:00:00,,,,,,,,,-112.0,,,,-35.0,,,,,,-50.0,-61.0,-0.03,-0.03,2339.0,2339.0,,14.0,,,,,70.0,,,,,87.0,,,,,56.0,-48.0,,,,11.0,,7.0,,,,4.0,48.0,,,,56.0,143.0,70.0,,,,
20180209,TATT,ATTICA BANK S.A. (CR),2017-12-01 00:00:00,,,,,,,,,-75.0,,,,-102.0,,,,,,-27.0,-39.0,-0.02,-0.02,2339.0,2339.0,,15.0,,,,,64.0,,,,,80.0,,,,,52.0,,,,,12.0,,16.0,,,,71.0,,,,,52.0,133.0,64.0,,,,
20180209,TELET,TELETIPOS SA (CR),2010-12-01 00:00:00,112.0,130.0,-18.0,12.0,,12.0,-30.0,7.0,10.0,-27.0,-0.0,,-0.0,-27.0,,,,,-27.0,-27.0,-0.73,-0.73,38.0,38.0,65.0,,,,,,,,,,,,,,,,,,,,,,,,,,,,,,,,,,,,,,
20180209,TELET,TELETIPOS SA (CR),2011-12-01 00:00:00,91.0,97.0,-7.0,9.0,,9.0,-16.0,9.0,4.0,-20.0,0.0,,,-20.0,,,,,-20.0,-20.0,-0.54,-0.54,38.0,38.0,43.0,,,,,,,,,,,,,,,,,,,,,,,,,,,,,,,,,,,,,,
20180209,TELET,TELETIPOS SA (CR),2012-12-01 00:00:00,85.0,85.0,-1.0,8.0,,8.0,-9.0,9.0,-1.0,-19.0,3.0,,,-22.0,,,,,-22.0,-22.0,-0.54,-0.54,41.0,41.0,34.0,,,,,,,,,,,,,,,,,,,,,,,,,,,,,,,,,,,,,,
20180209,TELET,TELETIPOS SA (CR),2013-12-01 00:00:00,77.0,83.0,-6.0,7.0,,7.0,-13.0,,-10.0,-23.0,-3.0,,,-20.0,,,,,-20.0,-20.0,-0.33,-0.33,61.0,61.0,32.0,,,,,,,,,,,,,,,,,,,,,,,,,,,,,,,,,,,,,,
20180209,TELET,TELETIPOS SA (CR),2014-12-01 00:00:00,78.0,79.0,-1.0,7.0,,7.0,-8.0,,-9.0,-16.0,-4.0,,,-12.0,,,,,-12.0,-12.0,-0.12,-0.12,101.0,101.0,34.0,,,,,,,,,,,,,,,,,,,,,,,,,,,,,,,,,,,,,,
20180209,TELET,TELETIPOS SA (CR),2017-12-01 00:00:00,63.0,75.0,-12.0,7.0,,7.0,-19.0,,-11.0,-30.0,-1.0,,,-28.0,,,,,-28.0,-28.0,-0.28,-0.28,101.0,101.0,17.0,,,,,,,,,,,,,,,,,,,,,,,,,,,,,,,,,,,,,,
20180209,TELL,BANK OF GREECE (CR),2012-12-01 00:00:00,,,,,,,,,1942.0,,,,-4389.0,,,,,,319.0,319.0,,,,,,72.0,,,,,-1624.0,,,,,2674.0,,,,,1153.0,,,,,,,,,,,20.0,,,,,1153.0,3827.0,-1624.0,,,,
20180209,TELL,BANK OF GREECE (CR),2013-12-01 00:00:00,,,,,,,,,168.0,,,,-875.0,,,,,,831.0,831.0,41.84,41.84,20.0,20.0,,70.0,,,,,663.0,,,,,1387.0,,,,,477.0,-37.0,,,,,,,,,,81.0,37.0,,,,477.0,1864.0,663.0,,,,
20180209,TELL,BANK OF GREECE (CR),2014-12-01 00:00:00,,,,,,,,,-175.0,,,,-242.0,,,,,,655.0,655.0,32.95,32.95,,,,74.0,,,,,829.0,,,,,958.0,,,,,91.0,-61.0,,,,,,,,,,40.0,61.0,,,,91.0,1049.0,829.0,,,,
20180209,TELL,BANK OF GREECE (CR),2015-12-01 00:00:00,,,,,,,,,103.0,,,,-779.0,,,,,,1163.0,1163.0,58.54,58.54,20.0,20.0,,90.0,,,,,1059.0,,,,,1726.0,,,,,58.0,-55.0,5.0,,,,,,,,,23.0,50.0,,,,58.0,1784.0,1059.0,,,,
20180209,TELL,BANK OF GREECE (CR),2016-12-01 00:00:00,,,,,,,,,-663.0,,,,161.0,,,,,,1092.0,1092.0,54.99,54.99,20.0,20.0,,83.0,,,,,1756.0,,,,,1493.0,,,,,20.0,,,,,,,,,,,18.0,,,,,20.0,1513.0,1756.0,,,,
20180209,TELL,BANK OF GREECE (CR),2017-12-01 00:00:00,,,,,,,,,-663.0,,,,161.0,,,,,,1092.0,1092.0,,,,,,83.0,,,,,1756.0,,,,,1493.0,,,,,20.0,,,,,,,,,,,18.0,,,,,20.0,1513.0,1756.0,,,,
20180209,TENERGY,TERNA ENERGY (CR),2012-12-01 00:00:00,124.0,75.0,49.0,,16.0,16.0,33.0,,-13.0,19.0,5.0,,,14.0,,,,-0.0,14.0,14.0,0.13,0.13,113.0,113.0,59.0,,,,,,,,,,,,,,,,,,,,,,,,,,,,,,,,,,,,,,
20180209,TENERGY,TERNA ENERGY (CR),2013-12-01 00:00:00,140.0,91.0,48.0,,15.0,15.0,33.0,,-23.0,10.0,6.0,,,4.0,,,,-0.0,4.0,4.0,0.04,0.04,109.0,109.0,63.0,,,,,,,,,,,,,,,,,,,,,,,,,,,,,,,,,,,,,,
20180209,TENERGY,TERNA ENERGY (CR),2014-12-01 00:00:00,158.0,109.0,50.0,,15.0,15.0,34.0,,-22.0,12.0,6.0,,,6.0,,,,-0.0,6.0,6.0,0.05,0.05,108.0,108.0,76.0,,,,,,,,,,,,,,,,,,,,,,,,,,,,,,,,,,,,,,
20180209,TENERGY,TERNA ENERGY (CR),2015-12-01 00:00:00,199.0,131.0,67.0,,14.0,14.0,54.0,30.0,7.0,30.0,13.0,,,17.0,,,,-1.0,17.0,17.0,0.16,0.16,107.0,107.0,98.0,,,,,,,,,,,,,,,,,,,,,,,,,,,,,,,,,,,,,,
20180209,TENERGY,TERNA ENERGY (CR),2016-12-01 00:00:00,226.0,151.0,74.0,,25.0,25.0,49.0,29.0,16.0,36.0,15.0,,,21.0,,,,-1.0,21.0,21.0,0.2,0.2,105.0,105.0,108.0,,,,,,,,,,,,,,,,,,,,,,,,,,,,,,,,,,,,,,
20180209,TENERGY,TERNA ENERGY (CR),2017-12-01 00:00:00,271.0,182.0,89.0,,26.0,26.0,63.0,35.0,16.0,44.0,18.0,,,26.0,,,,-1.0,26.0,26.0,0.24,0.24,105.0,105.0,127.0,,,,,,,,,,,,,,,,,,,,,,,,,,,,,,,,,,,,,,
20180209,TITK,TITAN CEMENT (CR),2012-12-01 00:00:00,1131.0,831.0,300.0,113.0,142.0,255.0,45.0,77.0,31.0,-1.0,18.0,,,-19.0,,,,-6.0,-25.0,-25.0,-0.3,-0.3,82.0,82.0,206.0,,,,,,,,,,,,,,,,,,,,,,,,,,,,,,,,,,,,,,
20180209,TITK,TITAN CEMENT (CR),2013-12-01 00:00:00,1176.0,882.0,294.0,110.0,210.0,320.0,-26.0,,17.0,-10.0,19.0,,,-29.0,,,,-7.0,-36.0,-36.0,-0.44,-0.44,82.0,82.0,106.0,,,,,,,,,,,,,,,,,,,,,,,,,,,,,,,,,,,,,,
20180209,TITK,TITAN CEMENT (CR),2014-12-01 00:00:00,1158.0,864.0,295.0,119.0,175.0,294.0,1.0,,46.0,47.0,11.0,,,36.0,,,,-5.0,31.0,31.0,0.38,0.38,82.0,82.0,152.0,,,,,,,,,,,,,,,,,,,,,,,,,,,,,,,,,,,,,,
20180209,TITK,TITAN CEMENT (CR),2015-12-01 00:00:00,1398.0,1039.0,358.0,135.0,208.0,343.0,15.0,65.0,92.0,42.0,7.0,,,35.0,,,,-2.0,34.0,34.0,0.41,0.41,82.0,82.0,238.0,,,,,,,,,,,,,,,,,,,,,,,,,,,,,,,,,,,,,,
20180209,TITK,TITAN CEMENT (CR),2016-12-01 00:00:00,1509.0,1072.0,437.0,144.0,144.0,294.0,143.0,67.0,-13.0,64.0,-64.0,,,127.0,,,,0.0,127.0,127.0,1.56,1.55,82.0,82.0,257.0,,,,,,,,,,,,,,,,,,,,,,,,,,7.0,,,,,,,,,,,,
20180209,TITK,TITAN CEMENT (CR),2017-12-01 00:00:00,1529.0,1079.0,450.0,146.0,150.0,296.0,154.0,56.0,-16.0,83.0,43.0,,,40.0,,,,-1.0,39.0,39.0,0.48,0.47,81.0,81.0,262.0,,,,,,,,,,,,,,,,,,,,,,,,,,,,,,,,,,,,,,
20180209,TITP,TITAN CEMENT CO. (PR),2012-12-01 00:00:00,1131.0,831.0,300.0,113.0,142.0,255.0,45.0,77.0,31.0,-1.0,18.0,,,-19.0,,,,-6.0,-25.0,-25.0,-0.3,-0.3,82.0,82.0,206.0,,,,,,,,,,,,,,,,,,,,,,,,,,,,,,,,,,,,,,
20180209,TITP,TITAN CEMENT CO. (PR),2013-12-01 00:00:00,1176.0,882.0,294.0,110.0,210.0,320.0,-26.0,,17.0,-10.0,19.0,,,-29.0,,,,-7.0,-36.0,-36.0,-0.44,-0.44,82.0,82.0,106.0,,,,,,,,,,,,,,,,,,,,,,,,,,,,,,,,,,,,,,
20180209,TITP,TITAN CEMENT CO. (PR),2014-12-01 00:00:00,1158.0,864.0,295.0,119.0,175.0,294.0,1.0,,46.0,47.0,11.0,,,36.0,,,,-5.0,31.0,31.0,0.38,0.38,82.0,82.0,152.0,,,,,,,,,,,,,,,,,,,,,,,,,,,,,,,,,,,,,,
20180209,TITP,TITAN CEMENT CO. (PR),2015-12-01 00:00:00,1398.0,1039.0,358.0,135.0,208.0,343.0,15.0,65.0,92.0,42.0,7.0,,,35.0,,,,-2.0,34.0,34.0,0.41,0.41,82.0,82.0,238.0,,,,,,,,,,,,,,,,,,,,,,,,,,,,,,,,,,,,,,
20180209,TITP,TITAN CEMENT CO. (PR),2016-12-01 00:00:00,1509.0,1072.0,437.0,144.0,144.0,294.0,143.0,67.0,-13.0,64.0,-64.0,,,127.0,,,,0.0,127.0,127.0,1.56,1.55,82.0,82.0,257.0,,,,,,,,,,,,,,,,,,,,,,,,,,7.0,,,,,,,,,,,,
20180209,TITP,TITAN CEMENT CO. (PR),2017-12-01 00:00:00,1529.0,1079.0,450.0,146.0,150.0,296.0,154.0,56.0,-16.0,83.0,43.0,,,40.0,,,,-1.0,39.0,39.0,0.48,0.47,81.0,81.0,262.0,,,,,,,,,,,,,,,,,,,,,,,,,,,,,,,,,,,,,,
20180209,TRASTOR,TRASTOR REAL EST. INV. CO.(CR),2012-12-01 00:00:00,5.0,,,,,,-4.0,,-1.0,-4.0,0.0,,,-4.0,,,,,-4.0,-4.0,-0.07,-0.07,57.0,57.0,-4.0,,,,,,,,1.0,,,,,9.0,,,,,,,,,,,,,,,,,,9.0,,,,,,,
20180209,TRASTOR,TRASTOR REAL EST. INV. CO.(CR),2013-12-01 00:00:00,4.0,,,,,,-1.0,,-0.0,-1.0,1.0,,-0.0,-2.0,,,,,-2.0,-2.0,-0.03,-0.03,57.0,57.0,-0.0,,,,,,,,0.0,,,,,5.0,,,,,,,,,,,,,,,,,,5.0,,,,,,,
20180209,TRASTOR,TRASTOR REAL EST. INV. CO.(CR),2014-12-01 00:00:00,4.0,,,,,,2.0,0.0,-2.0,-1.0,0.0,,-0.0,-1.0,,,,,-1.0,-1.0,-0.02,-0.02,57.0,57.0,-1.0,,,,,,,,0.0,,,,,3.0,,,,,,,,,,,,,,,,,,3.0,,,,,,,
20180209,TRASTOR,TRASTOR REAL EST. INV. CO.(CR),2015-12-01 00:00:00,4.0,,,,,,-9.0,0.0,0.0,-9.0,-0.0,,,-9.0,,,,,-9.0,-9.0,-0.16,-0.16,57.0,57.0,-9.0,,,,,,,,0.0,,,,,13.0,,,,,,,,,,,,,,,,,,13.0,,,,,,,
20180209,TRASTOR,TRASTOR REAL EST. INV. CO.(CR),2016-12-01 00:00:00,4.0,,,,,,-3.0,0.0,0.0,-3.0,0.0,,-0.0,-4.0,,,,,-4.0,-4.0,-0.07,-0.07,55.0,55.0,-3.0,,,,,,,,0.0,,,,,7.0,,,,,,,,,,,,,,,,,,7.0,,,,,,,
20180209,TRASTOR,TRASTOR REAL EST. INV. CO.(CR),2017-12-01 00:00:00,4.0,,,0.0,,,-0.0,0.0,0.0,-1.0,1.0,,,-1.0,,,,,-1.0,-1.0,-0.02,-0.02,66.0,81.0,-0.0,,,,,,,,0.0,,,,,4.0,,,,,,,,,,,,,,,,,,4.0,,,,,,,
20180209,TT,TT HELLENIC POSTBANK (CR),2009-12-01 00:00:00,,,,,,,,,-241.0,,,,1.0,,,,,,23.0,21.0,0.05,0.05,216.0,216.0,,16.0,,,,,280.0,,,,,263.0,,,,,362.0,-16.0,16.0,,,2.0,,17.0,,,,,,,,,362.0,625.0,280.0,,,,
20180209,TT,TT HELLENIC POSTBANK (CR),2010-12-01 00:00:00,,,,,,,,,-196.0,,,,-206.0,,,,,,-33.0,-34.0,-0.18,-0.18,281.0,281.0,,25.0,,,,,203.0,,,,,385.0,,,,,253.0,-4.0,4.0,,,1.0,,41.0,,,,,,,,,253.0,637.0,203.0,,,,
20180209,TT,TT HELLENIC POSTBANK (CR),2011-12-01 00:00:00,,,,,,,,,-6621.0,,,,-2688.0,,143.0,,,,-5508.0,-5531.0,-10.13,-10.13,546.0,546.0,,292.0,,,,,-346.0,,,,,2039.0,,,,,3250.0,-7101.0,6749.0,,,23.0,,-1316.0,,,,-19.0,322.0,,,,3250.0,5289.0,-346.0,,,,
20180209,TT,TT HELLENIC POSTBANK (CR),2013-12-01 00:00:00,,,,,,,,,347.0,,,,-3791.0,,-39.0,,,,-1154.0,-1154.0,-0.41,-0.41,2872.0,2872.0,,199.0,,,,,-2245.0,,,,,1270.0,,,,,1527.0,-520.0,520.0,,,,,-783.0,,,,41.0,,,,,1527.0,2797.0,-2245.0,,,,
20180209,TT,TT HELLENIC POSTBANK (CR),2014-12-01 00:00:00,,,,,,,,,941.0,,,,-4478.0,,-232.0,,,,-1219.0,-1219.0,-0.11,-0.11,11518.0,11518.0,,200.0,,,,,-2642.0,,,,,1515.0,,,,,1388.0,-248.0,248.0,,,,,-714.0,,,,85.0,,,,,1388.0,2903.0,-2642.0,,,,
20180209,TT,TT HELLENIC POSTBANK (CR),2017-12-01 00:00:00,,,,,,,,,-690.0,,,,-4132.0,,-107.0,,,,-1106.0,-1106.0,-0.08,-0.08,13826.0,13826.0,-1467.0,207.0,,,,,-899.0,,,,,1521.0,,,,,,-333.0,333.0,,,,,-590.0,,,,80.0,,,,,,2909.0,-899.0,,,,
20180209,VIO,VIOHALCO SA/NV (CB),2012-12-01 00:00:00,3317.0,3088.0,229.0,222.0,82.0,,,,,-75.0,1.0,,,-76.0,,,,26.0,-50.0,-50.0,-0.25,-0.25,199.0,199.0,155.0,,,,,,,,,,,,,,,,,,,,,,,,,,,,,,304.0,,,,,,,,
20180209,VIO,VIOHALCO SA/NV (CB),2013-12-01 00:00:00,2885.0,2710.0,175.0,200.0,167.0,,,,,-192.0,32.0,,,-224.0,,,,51.0,-173.0,-173.0,-0.86,-0.86,202.0,202.0,4.0,,,,,,,,,,,,,,,,,,,,,,,,,,,,,,367.0,,,,,,,,
20180209,VIO,VIOHALCO SA/NV (CB),2014-12-01 00:00:00,2943.0,2738.0,206.0,210.0,85.0,,,,,-90.0,-2.0,,-0.0,-88.0,,,,28.0,-59.0,-59.0,-0.27,-0.27,220.0,220.0,120.0,,,,,,,,,,,,,,,,,,,,,,,,,,,,,,296.0,,,,,,,,
20180209,VIO,VIOHALCO SA/NV (CB),2015-12-01 00:00:00,3275.0,2968.0,306.0,243.0,-10.0,,,,,-37.0,27.0,,,-63.0,,,,3.0,-60.0,-60.0,-0.27,-0.27,224.0,224.0,194.0,,,,,,,,,,,,,,,,,,,,,,,,,,,,,,343.0,,,,,,,,
20180209,VIO,VIOHALCO SA/NV (CB),2016-12-01 00:00:00,3113.0,2849.0,264.0,153.0,-7.0,,,,,7.0,14.0,,-0.0,-7.0,,,,1.0,-6.0,-6.0,-0.03,-0.03,255.0,255.0,237.0,,,,,,,,,,,,,,,,,,,,,,,,,,3.0,,,,257.0,,,,,,,,
20180209,VIO,VIOHALCO SA/NV (CB),2017-12-01 00:00:00,3426.0,3103.0,323.0,167.0,4.0,,,,,42.0,21.0,,-0.0,20.0,,,,-4.0,17.0,17.0,0.06,0.06,273.0,273.0,279.0,,,,,,,,,,,,,,,,,,,,,,,,,,,,,,281.0,,,,,,,,
20180209,VOVOS,BABIS VOVOS SA (CR),2011-12-01 00:00:00,34.0,,,12.0,,,-64.0,,-35.0,-99.0,-15.0,,,-84.0,,,,4.0,-80.0,-80.0,-2.37,-2.37,34.0,34.0,-64.0,,,,,,,,,,,,,86.0,,,,,,,,,,,,,,,,,,98.0,,,,,,,
20180209,VOVOS,BABIS VOVOS SA (CR),2012-12-01 00:00:00,14.0,,,55.0,,,-289.0,,-38.0,-327.0,-22.0,,,-305.0,,,,1.0,-304.0,-304.0,-8.97,-8.97,34.0,34.0,-289.0,,,,,,,,,,,,,249.0,,,,,,,,,,,,,,,,,,303.0,,,,,,,
20180209,VOVOS,BABIS VOVOS SA (CR),2013-12-01 00:00:00,5.0,,,8.0,,,-42.0,,-30.0,-73.0,12.0,,,-85.0,,,,0.0,-85.0,-85.0,-2.5,-2.5,34.0,34.0,-42.0,,,,,,,,,,,,,40.0,,,,,,,,,,,,,,,,,,48.0,,,,,,,
20180209,VOVOS,BABIS VOVOS SA (CR),2014-12-01 00:00:00,4.0,,,8.0,,,-11.0,,-16.0,-26.0,0.0,,,-27.0,,,,0.0,-27.0,-27.0,-0.78,-0.78,34.0,34.0,-11.0,,,,,,,,,,,,,7.0,,,,,,,,,,,,,,,,,,15.0,,,,,,,
20180209,VOVOS,BABIS VOVOS SA (CR),2015-12-01 00:00:00,4.0,,,6.0,,,170.0,10.0,-0.0,160.0,-6.0,,,166.0,,,,5.0,171.0,171.0,5.04,5.04,34.0,34.0,170.0,,,,,,,,0.0,,,,,-173.0,,,,,,,,,,,,,,,,,,-167.0,,,,,,,
20180209,VOVOS,BABIS VOVOS SA (CR),2017-12-01 00:00:00,3.0,,,7.0,,,51.0,4.0,-1.0,46.0,21.0,,,26.0,,,,-1.0,25.0,25.0,0.75,0.75,34.0,,51.0,,,,,,,,,,,,,-55.0,,,,,,,,,,,,,,,,,,-48.0,,,,,,,
20180209,XAKO,HALKOR SA (CB),2012-12-01 00:00:00,1259.0,1215.0,44.0,37.0,11.0,48.0,-4.0,40.0,13.0,-31.0,-2.0,,,-29.0,,,,3.0,-26.0,-26.0,-0.26,-0.26,101.0,101.0,36.0,,,,,,,,,,,,,,,,,,,,,,,,,,,,,,,,,,,,,,
20180209,XAKO,HALKOR SA (CB),2013-12-01 00:00:00,1102.0,1085.0,17.0,35.0,15.0,50.0,-34.0,38.0,19.0,-54.0,10.0,,,-64.0,,,,6.0,-58.0,-58.0,-0.57,-0.57,101.0,101.0,7.0,,,,,,,,,,,,,,,,,,,,,,,,,,,,,,,,,,,,,,
20180209,XAKO,HALKOR SA (CB),2014-12-01 00:00:00,1080.0,1050.0,30.0,34.0,39.0,73.0,-43.0,,-30.0,-73.0,-14.0,,,-59.0,,,,8.0,-51.0,-51.0,-0.51,-0.51,101.0,101.0,-5.0,,,,,,,,,,,,,,,,,,,,,,,,,,,,,,,,,,,,,,
20180209,XAKO,HALKOR SA (CB),2015-12-01 00:00:00,1230.0,1174.0,56.0,35.0,20.0,55.0,1.0,49.0,19.0,-30.0,3.0,,,-33.0,,,,0.0,-33.0,-33.0,-0.32,-0.32,101.0,101.0,52.0,,,,,,,,,,,,,,,,,,,,,,,,,,,,,,,,,,,,,,
20180209,XAKO,HALKOR SA (CB),2016-12-01 00:00:00,693.0,653.0,40.0,21.0,2.0,23.0,17.0,25.0,7.0,-1.0,-3.0,,-0.0,2.0,-9.0,,,3.0,-5.0,-5.0,-0.05,-0.05,101.0,101.0,40.0,,,,,,,,,,,,,,,,,,,,,,,,,,,,,,,,,,,,,,
20180209,XAKO,HALKOR SA (CB),2017-12-01 00:00:00,805.0,748.0,57.0,22.0,3.0,24.0,32.0,24.0,2.0,9.0,0.0,,-0.0,9.0,-9.0,,,2.0,2.0,2.0,0.02,0.02,101.0,101.0,50.0,,,,,,,,,,,,,,,,,,,,,,,,,,,,,,,,,,,,,,
